"學年度","學制","行政區","學校名稱","學區類型","村里","鄰里備註","資料來源"
"115","國小","板橋區","板橋國小","基本學區","留侯里","","school/115_elementary_zones.pdf"
"115","國小","板橋區","板橋國小","基本學區","流芳里","","school/115_elementary_zones.pdf"
"115","國小","板橋區","板橋國小","基本學區","赤松里","","school/115_elementary_zones.pdf"
"115","國小","板橋區","板橋國小","基本學區","黃石里","","school/115_elementary_zones.pdf"
"115","國小","板橋區","板橋國小","基本學區","挹秀里","","school/115_elementary_zones.pdf"
"115","國小","板橋區","板橋國小","基本學區","自強里","","school/115_elementary_zones.pdf"
"115","國小","板橋區","板橋國小","基本學區","光華里","","school/115_elementary_zones.pdf"
"115","國小","板橋區","板橋國小","基本學區","新興里","","school/115_elementary_zones.pdf"
"115","國小","板橋區","板橋國小","基本學區","民權里","","school/115_elementary_zones.pdf"
"115","國小","板橋區","板橋國小","基本學區","民安里","","school/115_elementary_zones.pdf"
"115","國小","板橋區","板橋國小","基本學區","建國里","","school/115_elementary_zones.pdf"
"115","國小","板橋區","板橋國小","自由學區","湳興里","自由學區","school/115_elementary_zones.pdf"
"115","國小","板橋區","板橋國小","自由學區","漢生里","自由學區","school/115_elementary_zones.pdf"
"115","國小","板橋區","板橋國小","自由學區","光榮里","自由學區","school/115_elementary_zones.pdf"
"115","國小","板橋區","板橋國小","自由學區","社後里","(1-3鄰)；自由學區","school/115_elementary_zones.pdf"
"115","國小","板橋區","後埔國小","基本學區","廣德里","","school/115_elementary_zones.pdf"
"115","國小","板橋區","後埔國小","基本學區","福德里","(1-7、26-28鄰)","school/115_elementary_zones.pdf"
"115","國小","板橋區","後埔國小","基本學區","仁愛里","","school/115_elementary_zones.pdf"
"115","國小","板橋區","後埔國小","基本學區","福星里","","school/115_elementary_zones.pdf"
"115","國小","板橋區","後埔國小","基本學區","大豐里","","school/115_elementary_zones.pdf"
"115","國小","板橋區","後埔國小","基本學區","華興里","","school/115_elementary_zones.pdf"
"115","國小","板橋區","後埔國小","基本學區","鄉雲里","","school/115_elementary_zones.pdf"
"115","國小","板橋區","後埔國小","基本學區","華貴里","","school/115_elementary_zones.pdf"
"115","國小","板橋區","後埔國小","基本學區","華福里","","school/115_elementary_zones.pdf"
"115","國小","板橋區","後埔國小","基本學區","華東里","(1-6、19-21鄰)","school/115_elementary_zones.pdf"
"115","國小","板橋區","後埔國小","基本學區","景星里","","school/115_elementary_zones.pdf"
"115","國小","板橋區","後埔國小","自由學區","重慶里","(5-13、17-19、21-25、30-31、33-35鄰)；自由學區","school/115_elementary_zones.pdf"
"115","國小","板橋區","後埔國小","自由學區","後埔里","(1-13鄰)；自由學區","school/115_elementary_zones.pdf"
"115","國小","板橋區","後埔國小","自由學區","湳興里","自由學區","school/115_elementary_zones.pdf"
"115","國小","板橋區","新埔國小","基本學區","忠誠里","","school/115_elementary_zones.pdf"
"115","國小","板橋區","新埔國小","基本學區","陽明里","含除外條件，依原文整里估算","school/115_elementary_zones.pdf"
"115","國小","板橋區","新埔國小","基本學區","宏翠里","(1鄰除外)；含除外條件，依原文整里估算","school/115_elementary_zones.pdf"
"115","國小","板橋區","新埔國小","基本學區","仁翠里","","school/115_elementary_zones.pdf"
"115","國小","板橋區","新埔國小","基本學區","新埔里","","school/115_elementary_zones.pdf"
"115","國小","板橋區","新埔國小","基本學區","新翠里","","school/115_elementary_zones.pdf"
"115","國小","板橋區","新埔國小","基本學區","朝陽里","","school/115_elementary_zones.pdf"
"115","國小","板橋區","新埔國小","基本學區","吉翠里","","school/115_elementary_zones.pdf"
"115","國小","板橋區","新埔國小","基本學區","滿翠里","","school/115_elementary_zones.pdf"
"115","國小","板橋區","新埔國小","基本學區","明翠里","","school/115_elementary_zones.pdf"
"115","國小","板橋區","新埔國小","基本學區","介壽里","","school/115_elementary_zones.pdf"
"115","國小","板橋區","新埔國小","基本學區","百壽里","","school/115_elementary_zones.pdf"
"115","國小","板橋區","新埔國小","基本學區","新民里","(2-9、26鄰)","school/115_elementary_zones.pdf"
"115","國小","板橋區","新埔國小","基本學區","文化里","(1-6鄰)","school/115_elementary_zones.pdf"
"115","國小","板橋區","新埔國小","自由學區","文化里","(7-17鄰)；自由學區","school/115_elementary_zones.pdf"
"115","國小","板橋區","新埔國小","自由學區","聯翠里","自由學區","school/115_elementary_zones.pdf"
"115","國小","板橋區","新埔國小","自由學區","宏翠里","自由學區","school/115_elementary_zones.pdf"
"115","國小","板橋區","新埔國小","自由學區","文德里","自由學區","school/115_elementary_zones.pdf"
"115","國小","板橋區","埔墘國小","基本學區","埔墘里","(18-23鄰)","school/115_elementary_zones.pdf"
"115","國小","板橋區","埔墘國小","基本學區","雙玉里","","school/115_elementary_zones.pdf"
"115","國小","板橋區","埔墘國小","基本學區","振興里","","school/115_elementary_zones.pdf"
"115","國小","板橋區","埔墘國小","基本學區","振義里","","school/115_elementary_zones.pdf"
"115","國小","板橋區","埔墘國小","基本學區","廣新里","","school/115_elementary_zones.pdf"
"115","國小","板橋區","埔墘國小","基本學區","玉光里","","school/115_elementary_zones.pdf"
"115","國小","板橋區","埔墘國小","基本學區","光仁里","","school/115_elementary_zones.pdf"
"115","國小","板橋區","埔墘國小","基本學區","西安里","","school/115_elementary_zones.pdf"
"115","國小","板橋區","埔墘國小","基本學區","東丘里","","school/115_elementary_zones.pdf"
"115","國小","板橋區","埔墘國小","基本學區","民生里","","school/115_elementary_zones.pdf"
"115","國小","板橋區","埔墘國小","基本學區","九如里","(12、13鄰除外)；含除外條件，依原文整里估算","school/115_elementary_zones.pdf"
"115","國小","板橋區","埔墘國小","基本學區","正泰里","","school/115_elementary_zones.pdf"
"115","國小","板橋區","埔墘國小","基本學區","港嘴里","(8-17、21、25鄰)","school/115_elementary_zones.pdf"
"115","國小","板橋區","埔墘國小","自由學區","莊敬里","自由學區","school/115_elementary_zones.pdf"
"115","國小","板橋區","埔墘國小","自由學區","埤墘里","自由學區","school/115_elementary_zones.pdf"
"115","國小","板橋區","海山國小","基本學區","民族里","","school/115_elementary_zones.pdf"
"115","國小","板橋區","海山國小","基本學區","深丘里","","school/115_elementary_zones.pdf"
"115","國小","板橋區","海山國小","基本學區","香丘里","","school/115_elementary_zones.pdf"
"115","國小","板橋區","海山國小","基本學區","海山里","","school/115_elementary_zones.pdf"
"115","國小","板橋區","海山國小","基本學區","長安里","","school/115_elementary_zones.pdf"
"115","國小","板橋區","海山國小","基本學區","東安里","","school/115_elementary_zones.pdf"
"115","國小","板橋區","海山國小","基本學區","福丘里","(8-19鄰)","school/115_elementary_zones.pdf"
"115","國小","板橋區","海山國小","基本學區","九如里","(12、13鄰)","school/115_elementary_zones.pdf"
"115","國小","板橋區","海山國小","基本學區","新民里","(1、10-25鄰)","school/115_elementary_zones.pdf"
"115","國小","板橋區","江翠國小","基本學區","江翠里","","school/115_elementary_zones.pdf"
"115","國小","板橋區","江翠國小","基本學區","純翠里","","school/115_elementary_zones.pdf"
"115","國小","板橋區","江翠國小","基本學區","柏翠里","","school/115_elementary_zones.pdf"
"115","國小","板橋區","江翠國小","基本學區","文翠里","","school/115_elementary_zones.pdf"
"115","國小","板橋區","江翠國小","基本學區","溪頭里","","school/115_elementary_zones.pdf"
"115","國小","板橋區","江翠國小","基本學區","松翠里","(1-8、14-16鄰)","school/115_elementary_zones.pdf"
"115","國小","板橋區","江翠國小","自由學區","青翠里","自由學區","school/115_elementary_zones.pdf"
"115","國小","板橋區","江翠國小","自由學區","松翠里","(9-13、17、18鄰)；自由學區","school/115_elementary_zones.pdf"
"115","國小","板橋區","江翠國小","自由學區","聯翠里","自由學區","school/115_elementary_zones.pdf"
"115","國小","板橋區","莒光國小","基本學區","永安里","","school/115_elementary_zones.pdf"
"115","國小","板橋區","莒光國小","基本學區","華翠里","","school/115_elementary_zones.pdf"
"115","國小","板橋區","莒光國小","基本學區","莒光里","","school/115_elementary_zones.pdf"
"115","國小","板橋區","莒光國小","基本學區","忠翠里","","school/115_elementary_zones.pdf"
"115","國小","板橋區","莒光國小","基本學區","華江里","","school/115_elementary_zones.pdf"
"115","國小","板橋區","莒光國小","自由學區","文化里","(7-17鄰)；自由學區","school/115_elementary_zones.pdf"
"115","國小","板橋區","莒光國小","自由學區","莊敬里","自由學區","school/115_elementary_zones.pdf"
"115","國小","板橋區","莒光國小","自由學區","港嘴里","(1-3、18、22-24鄰)；自由學區","school/115_elementary_zones.pdf"
"115","國小","板橋區","莒光國小","自由學區","埤墘里","自由學區","school/115_elementary_zones.pdf"
"115","國小","板橋區","莒光國小","自由學區","聯翠里","自由學區","school/115_elementary_zones.pdf"
"115","國小","板橋區","國光國小","基本學區","香社里","","school/115_elementary_zones.pdf"
"115","國小","板橋區","國光國小","基本學區","香雅里","","school/115_elementary_zones.pdf"
"115","國小","板橋區","國光國小","基本學區","社後里","(4-28鄰)","school/115_elementary_zones.pdf"
"115","國小","板橋區","國光國小","基本學區","中正里","","school/115_elementary_zones.pdf"
"115","國小","板橋區","國光國小","基本學區","港德里","(1-19、21-23鄰)","school/115_elementary_zones.pdf"
"115","國小","板橋區","國光國小","基本學區","國光里","(1-16鄰)","school/115_elementary_zones.pdf"
"115","國小","板橋區","國光國小","基本學區","自立里","","school/115_elementary_zones.pdf"
"115","國小","板橋區","國光國小","自由學區","光榮里","自由學區","school/115_elementary_zones.pdf"
"115","國小","板橋區","國光國小","自由學區","社後里","(1-3鄰)；自由學區","school/115_elementary_zones.pdf"
"115","國小","板橋區","國光國小","自由學區","港尾里","自由學區","school/115_elementary_zones.pdf"
"115","國小","板橋區","中山國小","基本學區","大安里","","school/115_elementary_zones.pdf"
"115","國小","板橋區","中山國小","基本學區","福安里","","school/115_elementary_zones.pdf"
"115","國小","板橋區","中山國小","基本學區","聚安里","","school/115_elementary_zones.pdf"
"115","國小","板橋區","中山國小","基本學區","龍安里","","school/115_elementary_zones.pdf"
"115","國小","板橋區","中山國小","基本學區","中山里","","school/115_elementary_zones.pdf"
"115","國小","板橋區","中山國小","基本學區","復興里","","school/115_elementary_zones.pdf"
"115","國小","板橋區","沙崙國小","基本學區","溪北里","","school/115_elementary_zones.pdf"
"115","國小","板橋區","沙崙國小","基本學區","崑崙里","","school/115_elementary_zones.pdf"
"115","國小","板橋區","沙崙國小","基本學區","成和里","","school/115_elementary_zones.pdf"
"115","國小","板橋區","文聖國小","基本學區","嵐翠里","","school/115_elementary_zones.pdf"
"115","國小","板橋區","文聖國小","基本學區","文聖里","","school/115_elementary_zones.pdf"
"115","國小","板橋區","文聖國小","基本學區","福翠里","","school/115_elementary_zones.pdf"
"115","國小","板橋區","文聖國小","基本學區","懷翠里","","school/115_elementary_zones.pdf"
"115","國小","板橋區","文聖國小","基本學區","龍翠里","","school/115_elementary_zones.pdf"
"115","國小","板橋區","文聖國小","基本學區","松柏里","","school/115_elementary_zones.pdf"
"115","國小","板橋區","文聖國小","基本學區","港嘴里","(4-7、19、20鄰)","school/115_elementary_zones.pdf"
"115","國小","板橋區","文聖國小","自由學區","青翠里","自由學區","school/115_elementary_zones.pdf"
"115","國小","板橋區","文聖國小","自由學區","松翠里","(9-13、17、18鄰)；自由學區","school/115_elementary_zones.pdf"
"115","國小","板橋區","文聖國小","自由學區","港嘴里","(1-3、18、22-24鄰)；自由學區","school/115_elementary_zones.pdf"
"115","國小","板橋區","文德國小","基本學區","德翠里","","school/115_elementary_zones.pdf"
"115","國小","板橋區","文德國小","基本學區","新海里","","school/115_elementary_zones.pdf"
"115","國小","板橋區","文德國小","基本學區","公舘里","","school/115_elementary_zones.pdf"
"115","國小","板橋區","文德國小","基本學區","幸福里","","school/115_elementary_zones.pdf"
"115","國小","板橋區","文德國小","基本學區","文德里","(12鄰除外)；含除外條件，依原文整里估算","school/115_elementary_zones.pdf"
"115","國小","板橋區","文德國小","基本學區","新生里","","school/115_elementary_zones.pdf"
"115","國小","板橋區","文德國小","基本學區","金華里","","school/115_elementary_zones.pdf"
"115","國小","板橋區","文德國小","基本學區","國光里","(17-20鄰)","school/115_elementary_zones.pdf"
"115","國小","板橋區","文德國小","基本學區","港德里","(20、24-29鄰)","school/115_elementary_zones.pdf"
"115","國小","板橋區","文德國小","自由學區","漢生里","自由學區","school/115_elementary_zones.pdf"
"115","國小","板橋區","文德國小","自由學區","港尾里","自由學區","school/115_elementary_zones.pdf"
"115","國小","板橋區","文德國小","自由學區","宏翠里","自由學區","school/115_elementary_zones.pdf"
"115","國小","板橋區","文德國小","自由學區","文德里","自由學區","school/115_elementary_zones.pdf"
"115","國小","板橋區","實踐國小","基本學區","福祿里","","school/115_elementary_zones.pdf"
"115","國小","板橋區","實踐國小","基本學區","福德里","(8-25鄰)","school/115_elementary_zones.pdf"
"115","國小","板橋區","實踐國小","基本學區","國泰里","","school/115_elementary_zones.pdf"
"115","國小","板橋區","實踐國小","基本學區","後埔里","(14-17鄰)","school/115_elementary_zones.pdf"
"115","國小","板橋區","實踐國小","基本學區","福丘里","(1-7鄰)","school/115_elementary_zones.pdf"
"115","國小","板橋區","實踐國小","基本學區","民生里","","school/115_elementary_zones.pdf"
"115","國小","板橋區","實踐國小","基本學區","國光里","(1-12、23-39鄰)","school/115_elementary_zones.pdf"
"115","國小","板橋區","實踐國小","自由學區","後埔里","(1-13鄰)；自由學區","school/115_elementary_zones.pdf"
"115","國小","板橋區","實踐國小","自由學區","國光里","(13-22鄰)；自由學區","school/115_elementary_zones.pdf"
"115","國小","板橋區","大觀國小","基本學區","華中里","","school/115_elementary_zones.pdf"
"115","國小","板橋區","大觀國小","基本學區","僑中里","","school/115_elementary_zones.pdf"
"115","國小","板橋區","大觀國小","基本學區","大觀里","","school/115_elementary_zones.pdf"
"115","國小","板橋區","大觀國小","基本學區","歡園里","","school/115_elementary_zones.pdf"
"115","國小","板橋區","大觀國小","基本學區","浮洲里","","school/115_elementary_zones.pdf"
"115","國小","板橋區","大觀國小","自由學區","湳興里","","school/115_elementary_zones.pdf"
"115","國小","板橋區","溪洲國小","基本學區","溪洲里","","school/115_elementary_zones.pdf"
"115","國小","板橋區","溪洲國小","基本學區","溪福里","","school/115_elementary_zones.pdf"
"115","國小","板橋區","溪洲國小","基本學區","堂春里","","school/115_elementary_zones.pdf"
"115","國小","板橋區","信義國小","基本學區","華德里","","school/115_elementary_zones.pdf"
"115","國小","板橋區","信義國小","基本學區","信義里","含除外條件，依原文整里估算","school/115_elementary_zones.pdf"
"115","國小","板橋區","信義國小","基本學區","華東里","(除1-6、19-21鄰)；含除外條件，依原文整里估算","school/115_elementary_zones.pdf"
"115","國小","板橋區","信義國小","基本學區","復興里","","school/115_elementary_zones.pdf"
"115","國小","板橋區","重慶國小","基本學區","和平里","","school/115_elementary_zones.pdf"
"115","國小","板橋區","重慶國小","基本學區","廣福里","","school/115_elementary_zones.pdf"
"115","國小","板橋區","重慶國小","基本學區","五權里","","school/115_elementary_zones.pdf"
"115","國小","板橋區","重慶國小","基本學區","重慶里","(1-4、14-16、20、26-29、32、36-38鄰)","school/115_elementary_zones.pdf"
"115","國小","板橋區","重慶國小","自由學區","重慶里","(5-13、17-19、21-25、30-31、33-35鄰)；自由學區","school/115_elementary_zones.pdf"
"115","國小","板橋區","中和區光復國小","基本學區","福壽里","","school/115_elementary_zones.pdf"
"115","國小","板橋區","中和區光復國小","基本學區","居仁里","","school/115_elementary_zones.pdf"
"115","國小","板橋區","中和區光復國小","基本學區","富貴里","","school/115_elementary_zones.pdf"
"115","國小","板橋區","中和區光復國小","基本學區","長壽里","","school/115_elementary_zones.pdf"
"115","國小","板橋區","中和區光復國小","基本學區","光復里","","school/115_elementary_zones.pdf"
"115","國小","板橋區","中和區光復國小","基本學區","埔墘里","(1-17鄰)","school/115_elementary_zones.pdf"
"115","國小","土城區","土城國小","基本學區","土城里","","school/115_elementary_zones.pdf"
"115","國小","土城區","土城國小","基本學區","埤塘里","","school/115_elementary_zones.pdf"
"115","國小","土城區","土城國小","基本學區","員仁里","","school/115_elementary_zones.pdf"
"115","國小","土城區","土城國小","基本學區","員信里","","school/115_elementary_zones.pdf"
"115","國小","土城區","土城國小","基本學區","員林里","","school/115_elementary_zones.pdf"
"115","國小","土城區","土城國小","基本學區","員福里","","school/115_elementary_zones.pdf"
"115","國小","土城區","土城國小","基本學區","大安里","","school/115_elementary_zones.pdf"
"115","國小","土城區","土城國小","基本學區","長風里","","school/115_elementary_zones.pdf"
"115","國小","土城區","土城國小","自由學區","柑林里","(1-15、17-18鄰)；自由學區","school/115_elementary_zones.pdf"
"115","國小","土城區","土城國小","自由學區","永寧里","自由學區","school/115_elementary_zones.pdf"
"115","國小","土城區","清水國小","基本學區","清水里","","school/115_elementary_zones.pdf"
"115","國小","土城區","清水國小","基本學區","永豐里","","school/115_elementary_zones.pdf"
"115","國小","土城區","清水國小","基本學區","永富里","","school/115_elementary_zones.pdf"
"115","國小","土城區","清水國小","基本學區","清和里","","school/115_elementary_zones.pdf"
"115","國小","土城區","清水國小","基本學區","青雲里","(1-10、17-18鄰)","school/115_elementary_zones.pdf"
"115","國小","土城區","清水國小","基本學區","清化里","","school/115_elementary_zones.pdf"
"115","國小","土城區","清水國小","基本學區","廷寮里","","school/115_elementary_zones.pdf"
"115","國小","土城區","清水國小","基本學區","清溪里","(8-10、15-43、45-47、50-53鄰)","school/115_elementary_zones.pdf"
"115","國小","土城區","清水國小","基本學區","青山里","","school/115_elementary_zones.pdf"
"115","國小","土城區","清水國小","自由學區","柑林里","(1-15、17-18鄰)","school/115_elementary_zones.pdf"
"115","國小","土城區","清水國小","自由學區","金城里","","school/115_elementary_zones.pdf"
"115","國小","土城區","清水國小","自由學區","延吉里","","school/115_elementary_zones.pdf"
"115","國小","土城區","清水國小","自由學區","清溪里","(1-7、11-14、44、48-49鄰)","school/115_elementary_zones.pdf"
"115","國小","土城區","安和國小","基本學區","安和里","","school/115_elementary_zones.pdf"
"115","國小","土城區","安和國小","基本學區","延和里","","school/115_elementary_zones.pdf"
"115","國小","土城區","安和國小","自由學區","平和里","自由學區","school/115_elementary_zones.pdf"
"115","國小","土城區","安和國小","自由學區","延壽里","自由學區","school/115_elementary_zones.pdf"
"115","國小","土城區","安和國小","自由學區","延祿里","自由學區","school/115_elementary_zones.pdf"
"115","國小","土城區","安和國小","自由學區","金城里","自由學區","school/115_elementary_zones.pdf"
"115","國小","土城區","安和國小","自由學區","延吉里","自由學區","school/115_elementary_zones.pdf"
"115","國小","土城區","安和國小","自由學區","清溪里","(1-7、11-14、44、48-49鄰)；自由學區","school/115_elementary_zones.pdf"
"115","國小","土城區","廣福國小","基本學區","埤林里","(8、10-19、21-38鄰)","school/115_elementary_zones.pdf"
"115","國小","土城區","廣福國小","基本學區","廣興里","(1-5鄰)","school/115_elementary_zones.pdf"
"115","國小","土城區","廣福國小","基本學區","學府里","(1-5、10-12、14-22鄰)","school/115_elementary_zones.pdf"
"115","國小","土城區","廣福國小","基本學區","廣福里","","school/115_elementary_zones.pdf"
"115","國小","土城區","廣福國小","基本學區","柑林里","(16、19-21鄰)","school/115_elementary_zones.pdf"
"115","國小","土城區","廣福國小","基本學區","學士里","","school/115_elementary_zones.pdf"
"115","國小","土城區","廣福國小","基本學區","中正里","","school/115_elementary_zones.pdf"
"115","國小","土城區","廣福國小","基本學區","學成里","(1-14、18鄰)","school/115_elementary_zones.pdf"
"115","國小","土城區","廣福國小","基本學區","青雲里","(11-16、19-21鄰)","school/115_elementary_zones.pdf"
"115","國小","土城區","廣福國小","自由學區","柑林里","(1-15、17-18鄰)","school/115_elementary_zones.pdf"
"115","國小","土城區","廣福國小","自由學區","學府里","(6-9、13鄰)","school/115_elementary_zones.pdf"
"115","國小","土城區","廣福國小","自由學區","埤林里","(1-7、9、20鄰)","school/115_elementary_zones.pdf"
"115","國小","土城區","廣福國小","自由學區","廣興里","(6-18鄰)","school/115_elementary_zones.pdf"
"115","國小","土城區","頂埔國小","基本學區","祖田里","","school/115_elementary_zones.pdf"
"115","國小","土城區","頂埔國小","基本學區","頂新里","","school/115_elementary_zones.pdf"
"115","國小","土城區","頂埔國小","基本學區","頂福里","","school/115_elementary_zones.pdf"
"115","國小","土城區","頂埔國小","基本學區","頂埔里","","school/115_elementary_zones.pdf"
"115","國小","土城區","頂埔國小","基本學區","沛陂里","","school/115_elementary_zones.pdf"
"115","國小","土城區","頂埔國小","自由學區","永寧里","自由學區","school/115_elementary_zones.pdf"
"115","國小","土城區","樂利國小","基本學區","日新里","","school/115_elementary_zones.pdf"
"115","國小","土城區","樂利國小","基本學區","日和里","","school/115_elementary_zones.pdf"
"115","國小","土城區","樂利國小","基本學區","裕生里","","school/115_elementary_zones.pdf"
"115","國小","土城區","樂利國小","基本學區","樂利里","","school/115_elementary_zones.pdf"
"115","國小","土城區","樂利國小","基本學區","明德里","","school/115_elementary_zones.pdf"
"115","國小","土城區","樂利國小","基本學區","學成里","(15-17鄰)","school/115_elementary_zones.pdf"
"115","國小","土城區","樂利國小","自由學區","貨饒里","","school/115_elementary_zones.pdf"
"115","國小","土城區","樂利國小","自由學區","學府里","(6-9、13鄰)","school/115_elementary_zones.pdf"
"115","國小","土城區","樂利國小","自由學區","埤林里","(1-7、9、20鄰)","school/115_elementary_zones.pdf"
"115","國小","土城區","樂利國小","自由學區","柑林里","(1-15、17-18鄰)","school/115_elementary_zones.pdf"
"115","國小","土城區","板橋區信義國小","基本學區","瑞興里","","school/115_elementary_zones.pdf"
"115","國小","土城區","板橋區信義國小","基本學區","復興里","","school/115_elementary_zones.pdf"
"115","國小","土城區","板橋區信義國小","自由學區","貨饒里","","school/115_elementary_zones.pdf"
"115","國小","土城區","板橋區信義國小","自由學區","廣興里","(6-18鄰)","school/115_elementary_zones.pdf"
"115","國小","樹林區","三多國小","基本學區","三興里","","school/115_elementary_zones.pdf"
"115","國小","樹林區","三多國小","基本學區","三福里","","school/115_elementary_zones.pdf"
"115","國小","樹林區","三多國小","基本學區","三龍里","(16鄰除外)；含除外條件，依原文整里估算","school/115_elementary_zones.pdf"
"115","國小","樹林區","三多國小","基本學區","三多里","(6-10、15、17-21鄰)","school/115_elementary_zones.pdf"
"115","國小","樹林區","三多國小","自由學區","圳生里","(2-9鄰)；自由學區","school/115_elementary_zones.pdf"
"115","國小","樹林區","三多國小","自由學區","三多里","(1-5、11-14、16鄰)；自由學區","school/115_elementary_zones.pdf"
"115","國小","樹林區","三多國小","自由學區","三龍里","自由學區","school/115_elementary_zones.pdf"
"115","國小","樹林區","武林國小","基本學區","光興里","","school/115_elementary_zones.pdf"
"115","國小","樹林區","武林國小","基本學區","金寮里","","school/115_elementary_zones.pdf"
"115","國小","樹林區","武林國小","自由學區","潭底里","(1-10鄰)；自由學區","school/115_elementary_zones.pdf"
"115","國小","樹林區","武林國小","自由學區","圳安里","(3鄰)；自由學區","school/115_elementary_zones.pdf"
"115","國小","樹林區","武林國小","自由學區","圳民里","(16鄰)；自由學區","school/115_elementary_zones.pdf"
"115","國小","樹林區","武林國小","自由學區","圳生里","(2-9鄰)；自由學區","school/115_elementary_zones.pdf"
"115","國小","樹林區","武林國小","自由學區","三多里","(1-5、11-14、16鄰)；自由學區","school/115_elementary_zones.pdf"
"115","國小","樹林區","文林國小","基本學區","文林里","","school/115_elementary_zones.pdf"
"115","國小","樹林區","文林國小","基本學區","保安里","","school/115_elementary_zones.pdf"
"115","國小","樹林區","文林國小","基本學區","圳福里","","school/115_elementary_zones.pdf"
"115","國小","樹林區","文林國小","基本學區","圳安里","(1-2、4-23鄰)","school/115_elementary_zones.pdf"
"115","國小","樹林區","文林國小","基本學區","潭底里","(11-33鄰)","school/115_elementary_zones.pdf"
"115","國小","樹林區","文林國小","基本學區","圳生里","(1、10、11鄰)","school/115_elementary_zones.pdf"
"115","國小","樹林區","文林國小","基本學區","圳民里","(1-15鄰)","school/115_elementary_zones.pdf"
"115","國小","樹林區","文林國小","基本學區","樹福里","(19鄰)","school/115_elementary_zones.pdf"
"115","國小","樹林區","文林國小","自由學區","圳安里","(3鄰)；自由學區","school/115_elementary_zones.pdf"
"115","國小","樹林區","文林國小","自由學區","圳民里","(16鄰)；自由學區","school/115_elementary_zones.pdf"
"115","國小","樹林區","文林國小","自由學區","潭底里","(1-10鄰)；自由學區","school/115_elementary_zones.pdf"
"115","國小","樹林區","文林國小","自由學區","圳生里","(2-9鄰)；自由學區","school/115_elementary_zones.pdf"
"115","國小","樹林區","樹林國小","基本學區","樹北里","","school/115_elementary_zones.pdf"
"115","國小","樹林區","樹林國小","基本學區","樹西里","","school/115_elementary_zones.pdf"
"115","國小","樹林區","樹林國小","基本學區","育英里","","school/115_elementary_zones.pdf"
"115","國小","樹林區","樹林國小","基本學區","樹德里","","school/115_elementary_zones.pdf"
"115","國小","樹林區","樹林國小","基本學區","樹興里","","school/115_elementary_zones.pdf"
"115","國小","樹林區","樹林國小","基本學區","樹東里","(1-10、12鄰)","school/115_elementary_zones.pdf"
"115","國小","樹林區","樹林國小","基本學區","樹福里","(1-18、20鄰)","school/115_elementary_zones.pdf"
"115","國小","樹林區","樹林國小","基本學區","樹人里","(7-21鄰)","school/115_elementary_zones.pdf"
"115","國小","樹林區","樹林國小","基本學區","樹南里","(1-11、24-29鄰)","school/115_elementary_zones.pdf"
"115","國小","樹林區","樹林國小","自由學區","潭底里","(1-10鄰)；自由學區","school/115_elementary_zones.pdf"
"115","國小","樹林區","育林國小","基本學區","坡內里","","school/115_elementary_zones.pdf"
"115","國小","樹林區","育林國小","基本學區","東昇里","(1-8、17-28鄰)","school/115_elementary_zones.pdf"
"115","國小","樹林區","育林國小","基本學區","樹人里","(1-6鄰)","school/115_elementary_zones.pdf"
"115","國小","樹林區","育林國小","基本學區","樹南里","(12-23鄰)","school/115_elementary_zones.pdf"
"115","國小","樹林區","大同國小","基本學區","樹東里","(11、16鄰)","school/115_elementary_zones.pdf"
"115","國小","樹林區","大同國小","基本學區","太順里","","school/115_elementary_zones.pdf"
"115","國小","樹林區","大同國小","基本學區","中華里","","school/115_elementary_zones.pdf"
"115","國小","樹林區","大同國小","基本學區","大同里","","school/115_elementary_zones.pdf"
"115","國小","樹林區","大同國小","基本學區","和平里","(1、2、3、18、19、20、28鄰)","school/115_elementary_zones.pdf"
"115","國小","樹林區","大同國小","基本學區","東陽里","","school/115_elementary_zones.pdf"
"115","國小","樹林區","大同國小","基本學區","東昇里","(9-16鄰)","school/115_elementary_zones.pdf"
"115","國小","樹林區","大同國小","基本學區","東山里","(1鄰)","school/115_elementary_zones.pdf"
"115","國小","樹林區","大同國小","基本學區","彭厝里","","school/115_elementary_zones.pdf"
"115","國小","樹林區","大同國小","基本學區","彭興里","(1、2鄰)","school/115_elementary_zones.pdf"
"115","國小","樹林區","大同國小","自由學區","彭福里","(1-4、17-20鄰)","school/115_elementary_zones.pdf"
"115","國小","樹林區","大同國小","自由學區","樹東里","(13鄰)","school/115_elementary_zones.pdf"
"115","國小","樹林區","彭福國小","基本學區","和平里","(4-17、21-27鄰)","school/115_elementary_zones.pdf"
"115","國小","樹林區","彭福國小","基本學區","樹東里","(14、15鄰)","school/115_elementary_zones.pdf"
"115","國小","樹林區","彭福國小","基本學區","彭興里","(3-41鄰)","school/115_elementary_zones.pdf"
"115","國小","樹林區","彭福國小","基本學區","彭福里","(5-16、21-33鄰)","school/115_elementary_zones.pdf"
"115","國小","樹林區","彭福國小","自由學區","彭福里","(1-4、17-20鄰)","school/115_elementary_zones.pdf"
"115","國小","樹林區","彭福國小","自由學區","樹東里","(13鄰)","school/115_elementary_zones.pdf"
"115","國小","樹林區","山佳國小","基本學區","東山里","(2-20鄰)","school/115_elementary_zones.pdf"
"115","國小","樹林區","山佳國小","基本學區","山佳里","(5-18鄰)","school/115_elementary_zones.pdf"
"115","國小","樹林區","山佳國小","自由學區","山佳里","(1-4、19-21鄰)；自由學區","school/115_elementary_zones.pdf"
"115","國小","樹林區","山佳國小","自由學區","中山里","(1、22、23鄰)；自由學區","school/115_elementary_zones.pdf"
"115","國小","樹林區","育德國小","基本學區","中山里","(2-21、24、25鄰)","school/115_elementary_zones.pdf"
"115","國小","樹林區","育德國小","基本學區","樂山里","","school/115_elementary_zones.pdf"
"115","國小","樹林區","育德國小","自由學區","山佳里","(1-4、19-21鄰)；自由學區","school/115_elementary_zones.pdf"
"115","國小","樹林區","育德國小","自由學區","中山里","(1、22、23鄰)；自由學區","school/115_elementary_zones.pdf"
"115","國小","樹林區","柑園國小","基本學區","柑園里","(1-6、9-12鄰)","school/115_elementary_zones.pdf"
"115","國小","樹林區","柑園國小","基本學區","北園里","","school/115_elementary_zones.pdf"
"115","國小","樹林區","柑園國小","基本學區","西園里","","school/115_elementary_zones.pdf"
"115","國小","樹林區","柑園國小","基本學區","東園里","","school/115_elementary_zones.pdf"
"115","國小","樹林區","柑園國小","自由學區","柑園里","(7鄰)；自由學區","school/115_elementary_zones.pdf"
"115","國小","樹林區","柑園國小","自由學區","南園里","(1、3、4、7鄰)；自由學區","school/115_elementary_zones.pdf"
"115","國小","樹林區","桃子腳國中小國小部","基本學區","南園里","(2、5、6、8-52鄰)","school/115_elementary_zones.pdf"
"115","國小","樹林區","桃子腳國中小國小部","基本學區","柑園里","(8、13-37鄰)","school/115_elementary_zones.pdf"
"115","國小","樹林區","桃子腳國中小國小部","自由學區","柑園里","(7鄰)","school/115_elementary_zones.pdf"
"115","國小","樹林區","桃子腳國中小國小部","自由學區","南園里","(1、3、4、7鄰)","school/115_elementary_zones.pdf"
"115","國小","鶯歌區","鶯歌國小","基本學區","永昌里","(13-19鄰)","school/115_elementary_zones.pdf"
"115","國小","鶯歌區","鶯歌國小","基本學區","同慶里","","school/115_elementary_zones.pdf"
"115","國小","鶯歌區","鶯歌國小","基本學區","南靖里","(9、10、11、16、20鄰除外)；含除外條件，依原文整里估算","school/115_elementary_zones.pdf"
"115","國小","鶯歌區","鶯歌國小","基本學區","中鶯里","","school/115_elementary_zones.pdf"
"115","國小","鶯歌區","鶯歌國小","基本學區","北鶯里","(1-6、8、12-20鄰)","school/115_elementary_zones.pdf"
"115","國小","鶯歌區","鶯歌國小","基本學區","建德里","","school/115_elementary_zones.pdf"
"115","國小","鶯歌區","鶯歌國小","基本學區","東鶯里","","school/115_elementary_zones.pdf"
"115","國小","鶯歌區","鶯歌國小","基本學區","尖山里","(1-4、9、11-15鄰)","school/115_elementary_zones.pdf"
"115","國小","鶯歌區","鶯歌國小","自由學區","北鶯里","(7、9、10、11鄰)；自由學區","school/115_elementary_zones.pdf"
"115","國小","鶯歌區","鶯歌國小","自由學區","南靖里","自由學區","school/115_elementary_zones.pdf"
"115","國小","鶯歌區","鶯歌國小","自由學區","尖山里","自由學區","school/115_elementary_zones.pdf"
"115","國小","鶯歌區","鳳鳴國小","基本學區","鳳鳴里","","school/115_elementary_zones.pdf"
"115","國小","鶯歌區","鳳鳴國小","基本學區","鳳福里","","school/115_elementary_zones.pdf"
"115","國小","鶯歌區","鳳鳴國小","基本學區","鳳祥里","(23-33鄰)","school/115_elementary_zones.pdf"
"115","國小","鶯歌區","鳳鳴國小","自由學區","大湖里","自由學區","school/115_elementary_zones.pdf"
"115","國小","鶯歌區","鳳鳴國小","自由學區","鳳祥里","(9-22鄰)；自由學區","school/115_elementary_zones.pdf"
"115","國小","鶯歌區","二橋國小","基本學區","二橋里","","school/115_elementary_zones.pdf"
"115","國小","鶯歌區","二橋國小","基本學區","二甲里","","school/115_elementary_zones.pdf"
"115","國小","鶯歌區","二橋國小","基本學區","尖山里","(6、7、8、16鄰)","school/115_elementary_zones.pdf"
"115","國小","鶯歌區","二橋國小","自由學區","尖山里","自由學區","school/115_elementary_zones.pdf"
"115","國小","鶯歌區","中湖國小","基本學區","東湖里","","school/115_elementary_zones.pdf"
"115","國小","鶯歌區","中湖國小","基本學區","中湖里","(4-25鄰)","school/115_elementary_zones.pdf"
"115","國小","鶯歌區","中湖國小","自由學區","大湖里","自由學區","school/115_elementary_zones.pdf"
"115","國小","鶯歌區","中湖國小","自由學區","中湖里","(1-3鄰)；自由學區","school/115_elementary_zones.pdf"
"115","國小","鶯歌區","建國國小","基本學區","建國里","","school/115_elementary_zones.pdf"
"115","國小","鶯歌區","建國國小","基本學區","西鶯里","","school/115_elementary_zones.pdf"
"115","國小","鶯歌區","建國國小","基本學區","南鶯里","","school/115_elementary_zones.pdf"
"115","國小","鶯歌區","建國國小","自由學區","中湖里","(1-3鄰)；自由學區","school/115_elementary_zones.pdf"
"115","國小","鶯歌區","建國國小","自由學區","北鶯里","(7、9、10、11鄰)；自由學區","school/115_elementary_zones.pdf"
"115","國小","鶯歌區","永吉國小","基本學區","永吉里","","school/115_elementary_zones.pdf"
"115","國小","鶯歌區","永吉國小","基本學區","鳳祥里","(1-8鄰)","school/115_elementary_zones.pdf"
"115","國小","鶯歌區","永吉國小","自由學區","鳳祥里","(9-22鄰)","school/115_elementary_zones.pdf"
"115","國小","鶯歌區","昌福國小","基本學區","永昌里","(1-12、20-22鄰)","school/115_elementary_zones.pdf"
"115","國小","鶯歌區","昌福國小","基本學區","中湖里","(26-27鄰)","school/115_elementary_zones.pdf"
"115","國小","鶯歌區","昌福國小","自由學區","中湖里","(1-3鄰)；自由學區","school/115_elementary_zones.pdf"
"115","國小","三峽區","龍埔國小","基本學區","龍學里","","school/115_elementary_zones.pdf"
"115","國小","三峽區","龍埔國小","基本學區","龍恩里","(1、11-14鄰)","school/115_elementary_zones.pdf"
"115","國小","三峽區","龍埔國小","基本學區","龍埔里","(1-8鄰)","school/115_elementary_zones.pdf"
"115","國小","三峽區","龍埔國小","自由學區","龍恩里","","school/115_elementary_zones.pdf"
"115","國小","三峽區","北大國小","基本學區","龍埔里","(9-36鄰)","school/115_elementary_zones.pdf"
"115","國小","三峽區","北大國小","基本學區","龍恩里","(2-10、15-29鄰)","school/115_elementary_zones.pdf"
"115","國小","三峽區","北大國小","基本學區","永舘里","(1、22-25鄰)","school/115_elementary_zones.pdf"
"115","國小","三峽區","北大國小","自由學區","龍恩里","","school/115_elementary_zones.pdf"
"115","國小","三峽區","三峽國小","基本學區","永舘里","(2-21鄰)","school/115_elementary_zones.pdf"
"115","國小","三峽區","三峽國小","基本學區","秀川里","","school/115_elementary_zones.pdf"
"115","國小","三峽區","三峽國小","基本學區","鳶山里","","school/115_elementary_zones.pdf"
"115","國小","三峽區","三峽國小","基本學區","三峽里","","school/115_elementary_zones.pdf"
"115","國小","三峽區","三峽國小","自由學區","龍恩里","","school/115_elementary_zones.pdf"
"115","國小","三峽區","中園國小","基本學區","中埔里","","school/115_elementary_zones.pdf"
"115","國小","三峽區","中園國小","基本學區","弘道里","","school/115_elementary_zones.pdf"
"115","國小","三峽區","中園國小","基本學區","八張里","","school/115_elementary_zones.pdf"
"115","國小","三峽區","中園國小","基本學區","大埔里","(1-5鄰)","school/115_elementary_zones.pdf"
"115","國小","三峽區","大埔國小","基本學區","大埔里","(6-22鄰)","school/115_elementary_zones.pdf"
"115","國小","三峽區","大埔國小","基本學區","金圳里","(1-6鄰)","school/115_elementary_zones.pdf"
"115","國小","三峽區","大埔國小","基本學區","二鬮里","","school/115_elementary_zones.pdf"
"115","國小","三峽區","成福國小","基本學區","溪東里","","school/115_elementary_zones.pdf"
"115","國小","三峽區","成福國小","基本學區","成福里","(1-8、12-15鄰)","school/115_elementary_zones.pdf"
"115","國小","三峽區","成福國小","自由學區","溪南里","自由學區","school/115_elementary_zones.pdf"
"115","國小","三峽區","成福國小","自由學區","溪北里","自由學區","school/115_elementary_zones.pdf"
"115","國小","三峽區","大成國小","基本學區","竹崙里","","school/115_elementary_zones.pdf"
"115","國小","三峽區","大成國小","基本學區","成福里","(9-11、16鄰)","school/115_elementary_zones.pdf"
"115","國小","三峽區","民義國小","基本學區","嘉添里","","school/115_elementary_zones.pdf"
"115","國小","三峽區","民義國小","基本學區","添福里","","school/115_elementary_zones.pdf"
"115","國小","三峽區","民義國小","自由學區","中正里","自由學區","school/115_elementary_zones.pdf"
"115","國小","三峽區","建安國小","基本學區","安坑里","","school/115_elementary_zones.pdf"
"115","國小","三峽區","有木國小","基本學區","有木里","","school/115_elementary_zones.pdf"
"115","國小","三峽區","五寮國小","基本學區","五寮里","","school/115_elementary_zones.pdf"
"115","國小","三峽區","安溪國小","基本學區","礁溪里","(17-37鄰)","school/115_elementary_zones.pdf"
"115","國小","三峽區","安溪國小","基本學區","安溪里","","school/115_elementary_zones.pdf"
"115","國小","三峽區","介壽國小","基本學區","礁溪里","(1-16鄰)","school/115_elementary_zones.pdf"
"115","國小","三峽區","介壽國小","基本學區","介壽里","","school/115_elementary_zones.pdf"
"115","國小","三峽區","介壽國小","基本學區","中正里","","school/115_elementary_zones.pdf"
"115","國小","三峽區","介壽國小","自由學區","溪南里","自由學區","school/115_elementary_zones.pdf"
"115","國小","三峽區","介壽國小","自由學區","溪北里","自由學區","school/115_elementary_zones.pdf"
"115","國小","三峽區","介壽國小","自由學區","中正里","自由學區","school/115_elementary_zones.pdf"
"115","國小","中和區","中和國小","基本學區","廟美里","","school/115_elementary_zones.pdf"
"115","國小","中和區","中和國小","基本學區","福善里","","school/115_elementary_zones.pdf"
"115","國小","中和區","中和國小","基本學區","福真里","","school/115_elementary_zones.pdf"
"115","國小","中和區","中和國小","基本學區","福和里","","school/115_elementary_zones.pdf"
"115","國小","中和區","中和國小","基本學區","連和里","","school/115_elementary_zones.pdf"
"115","國小","中和區","中和國小","基本學區","連城里","","school/115_elementary_zones.pdf"
"115","國小","中和區","中和國小","基本學區","枋寮里","","school/115_elementary_zones.pdf"
"115","國小","中和區","中和國小","基本學區","漳和里","","school/115_elementary_zones.pdf"
"115","國小","中和區","中和國小","基本學區","泰安里","","school/115_elementary_zones.pdf"
"115","國小","中和區","中和國小","基本學區","景安里","","school/115_elementary_zones.pdf"
"115","國小","中和區","中和國小","基本學區","景文里","","school/115_elementary_zones.pdf"
"115","國小","中和區","中和國小","基本學區","正行里","","school/115_elementary_zones.pdf"
"115","國小","中和區","中和國小","基本學區","南山里","(1-7、10-38鄰)","school/115_elementary_zones.pdf"
"115","國小","中和區","中和國小","基本學區","力行里","(1-10、16-18、32、34-38鄰)","school/115_elementary_zones.pdf"
"115","國小","中和區","中和國小","基本學區","新南里","(1-25、28-48鄰)","school/115_elementary_zones.pdf"
"115","國小","中和區","中和國小","基本學區","和興里","(4-14、19、21-24、27、28、30、42鄰)","school/115_elementary_zones.pdf"
"115","國小","中和區","中和國小","基本學區","瓦磘里","(16、21、22、27鄰)","school/115_elementary_zones.pdf"
"115","國小","中和區","中和國小","基本學區","佳和里","(1-6、30-40鄰)","school/115_elementary_zones.pdf"
"115","國小","中和區","中和國小","自由學區","中原里","(1-6、15-17、21-24鄰)；自由學區","school/115_elementary_zones.pdf"
"115","國小","中和區","中和國小","自由學區","景平里","(1-8、28-33鄰)；自由學區","school/115_elementary_zones.pdf"
"115","國小","中和區","中和國小","自由學區","福祥里","自由學區","school/115_elementary_zones.pdf"
"115","國小","中和區","中和國小","自由學區","福美里","自由學區","school/115_elementary_zones.pdf"
"115","國小","中和區","中和國小","自由學區","佳和里","(7-29鄰)；自由學區","school/115_elementary_zones.pdf"
"115","國小","中和區","中和國小","自由學區","瓦磘里","(1-15、17-20、23-26、28、29鄰)；自由學區","school/115_elementary_zones.pdf"
"115","國小","中和區","中和國小","自由學區","碧河里","(19、22鄰)；自由學區","school/115_elementary_zones.pdf"
"115","國小","中和區","中和國小","自由學區","平河里","自由學區","school/115_elementary_zones.pdf"
"115","國小","中和區","興南國小","基本學區","華新里","","school/115_elementary_zones.pdf"
"115","國小","中和區","興南國小","基本學區","頂南里","","school/115_elementary_zones.pdf"
"115","國小","中和區","興南國小","基本學區","正南里","","school/115_elementary_zones.pdf"
"115","國小","中和區","興南國小","基本學區","東南里","","school/115_elementary_zones.pdf"
"115","國小","中和區","興南國小","基本學區","華南里","","school/115_elementary_zones.pdf"
"115","國小","中和區","興南國小","基本學區","內南里","","school/115_elementary_zones.pdf"
"115","國小","中和區","興南國小","基本學區","壽南里","","school/115_elementary_zones.pdf"
"115","國小","中和區","興南國小","基本學區","福南里","","school/115_elementary_zones.pdf"
"115","國小","中和區","興南國小","基本學區","橫路里","","school/115_elementary_zones.pdf"
"115","國小","中和區","興南國小","基本學區","景新里","","school/115_elementary_zones.pdf"
"115","國小","中和區","興南國小","基本學區","忠孝里","","school/115_elementary_zones.pdf"
"115","國小","中和區","興南國小","基本學區","景福里","(35-37、43-44鄰)","school/115_elementary_zones.pdf"
"115","國小","中和區","積穗國小","基本學區","嘉慶里","","school/115_elementary_zones.pdf"
"115","國小","中和區","積穗國小","基本學區","嘉穗里","","school/115_elementary_zones.pdf"
"115","國小","中和區","積穗國小","基本學區","嘉新里","","school/115_elementary_zones.pdf"
"115","國小","中和區","積穗國小","基本學區","民安里","","school/115_elementary_zones.pdf"
"115","國小","中和區","積穗國小","基本學區","安穗里","","school/115_elementary_zones.pdf"
"115","國小","中和區","積穗國小","基本學區","信和里","","school/115_elementary_zones.pdf"
"115","國小","中和區","積穗國小","基本學區","文元里","","school/115_elementary_zones.pdf"
"115","國小","中和區","積穗國小","基本學區","積穗里","(1-9、12-31、34-45鄰)","school/115_elementary_zones.pdf"
"115","國小","中和區","積穗國小","基本學區","平河里","(4-67鄰)","school/115_elementary_zones.pdf"
"115","國小","中和區","積穗國小","基本學區","員山里","(1-10、23、24、36鄰)","school/115_elementary_zones.pdf"
"115","國小","中和區","積穗國小","自由學區","灰磘里","(7鄰)","school/115_elementary_zones.pdf"
"115","國小","中和區","積穗國小","自由學區","中原里","(9、11、12、18-20鄰)","school/115_elementary_zones.pdf"
"115","國小","中和區","積穗國小","自由學區","員富里","","school/115_elementary_zones.pdf"
"115","國小","中和區","積穗國小","自由學區","平河里","","school/115_elementary_zones.pdf"
"115","國小","中和區","復興國小","基本學區","復興里","","school/115_elementary_zones.pdf"
"115","國小","中和區","復興國小","基本學區","外南里","","school/115_elementary_zones.pdf"
"115","國小","中和區","復興國小","基本學區","中興里","","school/115_elementary_zones.pdf"
"115","國小","中和區","復興國小","基本學區","吉興里","","school/115_elementary_zones.pdf"
"115","國小","中和區","復興國小","基本學區","和興里","(1-3、15-18、20、25、26、29、31-41鄰)","school/115_elementary_zones.pdf"
"115","國小","中和區","復興國小","基本學區","南山里","(8、9鄰)","school/115_elementary_zones.pdf"
"115","國小","中和區","復興國小","基本學區","景福里","(1-34、38-42鄰)","school/115_elementary_zones.pdf"
"115","國小","中和區","復興國小","基本學區","新南里","(26、27鄰)","school/115_elementary_zones.pdf"
"115","國小","中和區","復興國小","基本學區","德行里","(1-21、38-41鄰)","school/115_elementary_zones.pdf"
"115","國小","中和區","復興國小","自由學區","德行里","(22-37、42鄰)；自由學區","school/115_elementary_zones.pdf"
"115","國小","中和區","復興國小","自由學區","景平里","(1-8、28-33鄰)；自由學區","school/115_elementary_zones.pdf"
"115","國小","中和區","秀山國小","基本學區","秀山里","","school/115_elementary_zones.pdf"
"115","國小","中和區","秀山國小","基本學區","秀成里","","school/115_elementary_zones.pdf"
"115","國小","中和區","秀山國小","基本學區","秀義里","","school/115_elementary_zones.pdf"
"115","國小","中和區","秀山國小","基本學區","秀福里","","school/115_elementary_zones.pdf"
"115","國小","中和區","秀山國小","基本學區","秀景里","","school/115_elementary_zones.pdf"
"115","國小","中和區","秀山國小","基本學區","秀水里","","school/115_elementary_zones.pdf"
"115","國小","中和區","秀山國小","基本學區","秀仁里","","school/115_elementary_zones.pdf"
"115","國小","中和區","秀山國小","基本學區","秀明里","","school/115_elementary_zones.pdf"
"115","國小","中和區","秀山國小","自由學區","景平里","(9、10、42、43鄰)","school/115_elementary_zones.pdf"
"115","國小","中和區","自強國小","基本學區","清穗里","","school/115_elementary_zones.pdf"
"115","國小","中和區","自強國小","基本學區","民享里","","school/115_elementary_zones.pdf"
"115","國小","中和區","自強國小","基本學區","民有里","","school/115_elementary_zones.pdf"
"115","國小","中和區","自強國小","基本學區","明穗里","","school/115_elementary_zones.pdf"
"115","國小","中和區","自強國小","基本學區","自強里","","school/115_elementary_zones.pdf"
"115","國小","中和區","自強國小","基本學區","冠穗里","","school/115_elementary_zones.pdf"
"115","國小","中和區","自強國小","基本學區","國華里","","school/115_elementary_zones.pdf"
"115","國小","中和區","自強國小","基本學區","積穗里","(10、11、32、33鄰)","school/115_elementary_zones.pdf"
"115","國小","中和區","自強國小","基本學區","瑞穗里","(7-18鄰)","school/115_elementary_zones.pdf"
"115","國小","中和區","自強國小","基本學區","德穗里","(8-25、30-32鄰)","school/115_elementary_zones.pdf"
"115","國小","中和區","自強國小","自由學區","壽德里","自由學區","school/115_elementary_zones.pdf"
"115","國小","中和區","自強國小","自由學區","明德里","自由學區","school/115_elementary_zones.pdf"
"115","國小","中和區","自強國小","自由學區","國光里","(13-22鄰)；自由學區","school/115_elementary_zones.pdf"
"115","國小","中和區","景新國小","基本學區","景本里","","school/115_elementary_zones.pdf"
"115","國小","中和區","景新國小","基本學區","景南里","","school/115_elementary_zones.pdf"
"115","國小","中和區","景新國小","基本學區","秀峰里","","school/115_elementary_zones.pdf"
"115","國小","中和區","景新國小","基本學區","秀士里","","school/115_elementary_zones.pdf"
"115","國小","中和區","景新國小","基本學區","崇南里","","school/115_elementary_zones.pdf"
"115","國小","中和區","景新國小","基本學區","興南里","","school/115_elementary_zones.pdf"
"115","國小","中和區","景新國小","基本學區","景平里","(11-27、34-41鄰)","school/115_elementary_zones.pdf"
"115","國小","中和區","景新國小","自由學區","景平里","(9、10、42、43鄰)","school/115_elementary_zones.pdf"
"115","國小","中和區","錦和國小","基本學區","錦和里","","school/115_elementary_zones.pdf"
"115","國小","中和區","錦和國小","基本學區","錦中里","","school/115_elementary_zones.pdf"
"115","國小","中和區","錦和國小","基本學區","錦昌里","","school/115_elementary_zones.pdf"
"115","國小","中和區","錦和國小","基本學區","錦盛里","","school/115_elementary_zones.pdf"
"115","國小","中和區","錦和國小","基本學區","中正里","","school/115_elementary_zones.pdf"
"115","國小","中和區","錦和國小","基本學區","中山里","","school/115_elementary_zones.pdf"
"115","國小","中和區","錦和國小","基本學區","仁和里","","school/115_elementary_zones.pdf"
"115","國小","中和區","錦和國小","基本學區","建和里","","school/115_elementary_zones.pdf"
"115","國小","中和區","錦和國小","基本學區","力行里","(11-15、19-31、33鄰)","school/115_elementary_zones.pdf"
"115","國小","中和區","錦和國小","基本學區","碧河里","(1-18、20、21、23-27鄰)","school/115_elementary_zones.pdf"
"115","國小","中和區","錦和國小","基本學區","灰磘里","(1-6鄰)","school/115_elementary_zones.pdf"
"115","國小","中和區","錦和國小","自由學區","灰磘里","(7鄰)；自由學區","school/115_elementary_zones.pdf"
"115","國小","中和區","錦和國小","自由學區","德行里","(22-37、42鄰)；自由學區","school/115_elementary_zones.pdf"
"115","國小","中和區","錦和國小","自由學區","碧河里","(19、22鄰)；自由學區","school/115_elementary_zones.pdf"
"115","國小","中和區","光復國小","自由學區","中原里","(9、11、12、18-20鄰)","school/115_elementary_zones.pdf"
"115","國小","中和區","光復國小","自由學區","員富里","","school/115_elementary_zones.pdf"
"115","國小","中和區","永和區永平國小","自由學區","福祥里","自由學區","school/115_elementary_zones.pdf"
"115","國小","中和區","永和區永平國小","自由學區","福美里","自由學區","school/115_elementary_zones.pdf"
"115","國小","中和區","永和區永平國小","自由學區","佳和里","(7-29鄰)；自由學區","school/115_elementary_zones.pdf"
"115","國小","中和區","永和區永平國小","自由學區","瓦磘里","(1-15、17-20、23-26、28-29鄰)；自由學區","school/115_elementary_zones.pdf"
"115","國小","中和區","永和區永平國小","自由學區","安和里","自由學區","school/115_elementary_zones.pdf"
"115","國小","中和區","永和區永和國小","基本學區","安平里","","school/115_elementary_zones.pdf"
"115","國小","中和區","永和區永和國小","基本學區","中安里","","school/115_elementary_zones.pdf"
"115","國小","中和區","永和區永和國小","基本學區","安和里","","school/115_elementary_zones.pdf"
"115","國小","中和區","永和區永和國小","基本學區","安順里","","school/115_elementary_zones.pdf"
"115","國小","中和區","永和區永和國小","基本學區","安樂里","","school/115_elementary_zones.pdf"
"115","國小","中和區","永和區永和國小","基本學區","宜安里","","school/115_elementary_zones.pdf"
"115","國小","中和區","永和區永和國小","基本學區","福和里","","school/115_elementary_zones.pdf"
"115","國小","中和區","永和區永和國小","自由學區","安和里","自由學區","school/115_elementary_zones.pdf"
"115","國小","中和區","板橋區海山國小","基本學區","瑞穗里","(1-6鄰)","school/115_elementary_zones.pdf"
"115","國小","中和區","板橋區海山國小","基本學區","員山里","(11-22、25-35、37-42鄰)","school/115_elementary_zones.pdf"
"115","國小","中和區","板橋區實踐國小","基本學區","民生里","","school/115_elementary_zones.pdf"
"115","國小","中和區","板橋區實踐國小","基本學區","國光里","(1-12、23-39鄰)","school/115_elementary_zones.pdf"
"115","國小","中和區","板橋區實踐國小","基本學區","德穗里","(1-7、26-29鄰)","school/115_elementary_zones.pdf"
"115","國小","中和區","板橋區實踐國小","自由學區","國光里","(13-22鄰)；自由學區","school/115_elementary_zones.pdf"
"115","國小","永和區","網溪國小","基本學區","網溪里","","school/115_elementary_zones.pdf"
"115","國小","永和區","網溪國小","基本學區","光復里","","school/115_elementary_zones.pdf"
"115","國小","永和區","網溪國小","基本學區","復興里","","school/115_elementary_zones.pdf"
"115","國小","永和區","網溪國小","基本學區","正興里","","school/115_elementary_zones.pdf"
"115","國小","永和區","網溪國小","基本學區","中興里","","school/115_elementary_zones.pdf"
"115","國小","永和區","網溪國小","基本學區","永興里","","school/115_elementary_zones.pdf"
"115","國小","永和區","網溪國小","基本學區","永福里","","school/115_elementary_zones.pdf"
"115","國小","永和區","網溪國小","基本學區","上林里","","school/115_elementary_zones.pdf"
"115","國小","永和區","網溪國小","基本學區","福林里","","school/115_elementary_zones.pdf"
"115","國小","永和區","網溪國小","基本學區","竹林里","","school/115_elementary_zones.pdf"
"115","國小","永和區","網溪國小","基本學區","桂林里","","school/115_elementary_zones.pdf"
"115","國小","永和區","網溪國小","基本學區","勵行里","","school/115_elementary_zones.pdf"
"115","國小","永和區","網溪國小","基本學區","豫溪里","","school/115_elementary_zones.pdf"
"115","國小","永和區","網溪國小","基本學區","光明里","","school/115_elementary_zones.pdf"
"115","國小","永和區","網溪國小","基本學區","永貞里","(1-8、14-20鄰)","school/115_elementary_zones.pdf"
"115","國小","永和區","網溪國小","自由學區","河濱里","自由學區","school/115_elementary_zones.pdf"
"115","國小","永和區","頂溪國小","基本學區","忠義里","","school/115_elementary_zones.pdf"
"115","國小","永和區","頂溪國小","基本學區","永成里","","school/115_elementary_zones.pdf"
"115","國小","永和區","頂溪國小","基本學區","仁愛里","","school/115_elementary_zones.pdf"
"115","國小","永和區","頂溪國小","基本學區","頂溪里","","school/115_elementary_zones.pdf"
"115","國小","永和區","頂溪國小","基本學區","後溪里","","school/115_elementary_zones.pdf"
"115","國小","永和區","頂溪國小","基本學區","上溪里","","school/115_elementary_zones.pdf"
"115","國小","永和區","頂溪國小","基本學區","信義里","","school/115_elementary_zones.pdf"
"115","國小","永和區","頂溪國小","基本學區","文化里","","school/115_elementary_zones.pdf"
"115","國小","永和區","頂溪國小","基本學區","新廍里","","school/115_elementary_zones.pdf"
"115","國小","永和區","頂溪國小","基本學區","河堤里","","school/115_elementary_zones.pdf"
"115","國小","永和區","頂溪國小","基本學區","新生里","(1-14鄰)","school/115_elementary_zones.pdf"
"115","國小","永和區","頂溪國小","基本學區","中溪里","(16-18鄰)","school/115_elementary_zones.pdf"
"115","國小","永和區","頂溪國小","基本學區","下溪里","(1-8、10-11鄰)","school/115_elementary_zones.pdf"
"115","國小","永和區","頂溪國小","基本學區","大同里","(1-9鄰)","school/115_elementary_zones.pdf"
"115","國小","永和區","頂溪國小","自由學區","中溪里","(13鄰)","school/115_elementary_zones.pdf"
"115","國小","永和區","頂溪國小","自由學區","新生里","(15-18鄰)","school/115_elementary_zones.pdf"
"115","國小","永和區","頂溪國小","自由學區","下溪里","(9、12-15鄰)","school/115_elementary_zones.pdf"
"115","國小","永和區","頂溪國小","自由學區","大同里","(10-18鄰)","school/115_elementary_zones.pdf"
"115","國小","永和區","秀朗國小","基本學區","秀朗里","","school/115_elementary_zones.pdf"
"115","國小","永和區","秀朗國小","基本學區","秀和里","","school/115_elementary_zones.pdf"
"115","國小","永和區","秀朗國小","基本學區","秀得里","","school/115_elementary_zones.pdf"
"115","國小","永和區","秀朗國小","基本學區","秀林里","","school/115_elementary_zones.pdf"
"115","國小","永和區","秀朗國小","基本學區","秀成里","","school/115_elementary_zones.pdf"
"115","國小","永和區","秀朗國小","基本學區","秀元里","","school/115_elementary_zones.pdf"
"115","國小","永和區","秀朗國小","基本學區","民族里","","school/115_elementary_zones.pdf"
"115","國小","永和區","秀朗國小","基本學區","民生里","","school/115_elementary_zones.pdf"
"115","國小","永和區","秀朗國小","基本學區","民本里","","school/115_elementary_zones.pdf"
"115","國小","永和區","秀朗國小","基本學區","民樂里","","school/115_elementary_zones.pdf"
"115","國小","永和區","秀朗國小","基本學區","民富里","","school/115_elementary_zones.pdf"
"115","國小","永和區","秀朗國小","基本學區","永元里","","school/115_elementary_zones.pdf"
"115","國小","永和區","秀朗國小","自由學區","智光里","自由學區","school/115_elementary_zones.pdf"
"115","國小","永和區","秀朗國小","自由學區","民治里","自由學區","school/115_elementary_zones.pdf"
"115","國小","永和區","秀朗國小","自由學區","民權里","自由學區","school/115_elementary_zones.pdf"
"115","國小","永和區","秀朗國小","自由學區","河濱里","自由學區","school/115_elementary_zones.pdf"
"115","國小","永和區","永平國小","基本學區","前溪里","","school/115_elementary_zones.pdf"
"115","國小","永和區","永平國小","基本學區","保平里","","school/115_elementary_zones.pdf"
"115","國小","永和區","永平國小","基本學區","保安里","","school/115_elementary_zones.pdf"
"115","國小","永和區","永平國小","基本學區","協和里","","school/115_elementary_zones.pdf"
"115","國小","永和區","永平國小","基本學區","和平里","","school/115_elementary_zones.pdf"
"115","國小","永和區","永平國小","基本學區","保順里","","school/115_elementary_zones.pdf"
"115","國小","永和區","永平國小","自由學區","雙和里","自由學區","school/115_elementary_zones.pdf"
"115","國小","永和區","永平國小","自由學區","安和里","自由學區","school/115_elementary_zones.pdf"
"115","國小","永和區","永平國小","自由學區","水源里","(1、7-21鄰)；自由學區","school/115_elementary_zones.pdf"
"115","國小","永和區","永平國小","自由學區","中溪里","(13鄰)；自由學區","school/115_elementary_zones.pdf"
"115","國小","永和區","永平國小","自由學區","新生里","(15-18鄰)；自由學區","school/115_elementary_zones.pdf"
"115","國小","永和區","永平國小","自由學區","下溪里","(9、12-15鄰)；自由學區","school/115_elementary_zones.pdf"
"115","國小","永和區","永平國小","自由學區","大同里","(10-18鄰)；自由學區","school/115_elementary_zones.pdf"
"115","國小","永和區","永和國小","基本學區","安和里","","school/115_elementary_zones.pdf"
"115","國小","永和區","永和國小","基本學區","永安里","","school/115_elementary_zones.pdf"
"115","國小","永和區","永和國小","基本學區","永樂里","","school/115_elementary_zones.pdf"
"115","國小","永和區","永和國小","基本學區","潭墘里","","school/115_elementary_zones.pdf"
"115","國小","永和區","永和國小","基本學區","潭安里","","school/115_elementary_zones.pdf"
"115","國小","永和區","永和國小","基本學區","店街里","","school/115_elementary_zones.pdf"
"115","國小","永和區","永和國小","基本學區","大新里","","school/115_elementary_zones.pdf"
"115","國小","永和區","永和國小","基本學區","福和里","","school/115_elementary_zones.pdf"
"115","國小","永和區","永和國小","基本學區","得和里","","school/115_elementary_zones.pdf"
"115","國小","永和區","永和國小","基本學區","水源里","(2-6鄰)","school/115_elementary_zones.pdf"
"115","國小","永和區","永和國小","基本學區","永貞里","(9-13鄰)","school/115_elementary_zones.pdf"
"115","國小","永和區","永和國小","自由學區","雙和里","自由學區","school/115_elementary_zones.pdf"
"115","國小","永和區","永和國小","自由學區","安和里","自由學區","school/115_elementary_zones.pdf"
"115","國小","永和區","永和國小","自由學區","水源里","(1、7-21鄰)；自由學區","school/115_elementary_zones.pdf"
"115","國小","汐止區","汐止國小","基本學區","仁德里","","school/115_elementary_zones.pdf"
"115","國小","汐止區","汐止國小","基本學區","義民里","","school/115_elementary_zones.pdf"
"115","國小","汐止區","汐止國小","基本學區","禮門里","","school/115_elementary_zones.pdf"
"115","國小","汐止區","汐止國小","基本學區","智慧里","","school/115_elementary_zones.pdf"
"115","國小","汐止區","汐止國小","基本學區","大同里","","school/115_elementary_zones.pdf"
"115","國小","汐止區","汐止國小","基本學區","信望里","","school/115_elementary_zones.pdf"
"115","國小","汐止區","汐止國小","基本學區","江北里","","school/115_elementary_zones.pdf"
"115","國小","汐止區","汐止國小","自由學區","復興里","自由學區","school/115_elementary_zones.pdf"
"115","國小","汐止區","汐止國小","自由學區","白雲里","(1-9鄰)；自由學區","school/115_elementary_zones.pdf"
"115","國小","汐止區","汐止國小","自由學區","八連里","(1-4鄰)；自由學區","school/115_elementary_zones.pdf"
"115","國小","汐止區","秀峰國小","基本學區","秀峰里","","school/115_elementary_zones.pdf"
"115","國小","汐止區","秀峰國小","基本學區","秀山里","","school/115_elementary_zones.pdf"
"115","國小","汐止區","秀峰國小","基本學區","福安里","","school/115_elementary_zones.pdf"
"115","國小","汐止區","秀峰國小","自由學區","復興里","自由學區","school/115_elementary_zones.pdf"
"115","國小","汐止區","秀峰國小","自由學區","白雲里","(1-9鄰)；自由學區","school/115_elementary_zones.pdf"
"115","國小","汐止區","秀峰國小","自由學區","新昌里","(15-30鄰)；自由學區","school/115_elementary_zones.pdf"
"115","國小","汐止區","崇德國小","基本學區","茄苳里","","school/115_elementary_zones.pdf"
"115","國小","汐止區","崇德國小","基本學區","崇德里","","school/115_elementary_zones.pdf"
"115","國小","汐止區","崇德國小","基本學區","橋東里","","school/115_elementary_zones.pdf"
"115","國小","汐止區","崇德國小","基本學區","建成里","(1-18鄰)","school/115_elementary_zones.pdf"
"115","國小","汐止區","崇德國小","基本學區","城中里","","school/115_elementary_zones.pdf"
"115","國小","汐止區","崇德國小","基本學區","新昌里","(1-14、31-35鄰)","school/115_elementary_zones.pdf"
"115","國小","汐止區","崇德國小","自由學區","新昌里","(15-30鄰)；自由學區","school/115_elementary_zones.pdf"
"115","國小","汐止區","崇德國小","自由學區","建成里","(19-23鄰)；自由學區","school/115_elementary_zones.pdf"
"115","國小","汐止區","北峰國小","基本學區","中興里","","school/115_elementary_zones.pdf"
"115","國小","汐止區","北峰國小","基本學區","福德里","","school/115_elementary_zones.pdf"
"115","國小","汐止區","北峰國小","基本學區","康福里","","school/115_elementary_zones.pdf"
"115","國小","汐止區","北峰國小","基本學區","興福里","","school/115_elementary_zones.pdf"
"115","國小","汐止區","北峰國小","基本學區","環河里","(6-10鄰)","school/115_elementary_zones.pdf"
"115","國小","汐止區","北峰國小","基本學區","樟樹里","(6-8、10-11鄰)","school/115_elementary_zones.pdf"
"115","國小","汐止區","北峰國小","自由學區","樟樹里","(9鄰)","school/115_elementary_zones.pdf"
"115","國小","汐止區","北港國小","基本學區","拱北里","","school/115_elementary_zones.pdf"
"115","國小","汐止區","北港國小","基本學區","烘內里","","school/115_elementary_zones.pdf"
"115","國小","汐止區","北港國小","基本學區","八連里","(5-10鄰)","school/115_elementary_zones.pdf"
"115","國小","汐止區","北港國小","自由學區","八連里","(1-4鄰)；自由學區","school/115_elementary_zones.pdf"
"115","國小","汐止區","長安國小","基本學區","鄉長里","","school/115_elementary_zones.pdf"
"115","國小","汐止區","長安國小","基本學區","長安里","","school/115_elementary_zones.pdf"
"115","國小","汐止區","長安國小","基本學區","保長里","","school/115_elementary_zones.pdf"
"115","國小","汐止區","長安國小","自由學區","建成里","(19-23鄰)；自由學區","school/115_elementary_zones.pdf"
"115","國小","汐止區","保長國小","基本學區","保新里","","school/115_elementary_zones.pdf"
"115","國小","汐止區","保長國小","基本學區","保安里","","school/115_elementary_zones.pdf"
"115","國小","汐止區","白雲國小","基本學區","橫科里","","school/115_elementary_zones.pdf"
"115","國小","汐止區","白雲國小","基本學區","福山里","","school/115_elementary_zones.pdf"
"115","國小","汐止區","白雲國小","自由學區","白雲里","(1-9鄰)；自由學區","school/115_elementary_zones.pdf"
"115","國小","汐止區","白雲國小","自由學區","宜興里","自由學區","school/115_elementary_zones.pdf"
"115","國小","汐止區","白雲國小","自由學區","東勢里","自由學區","school/115_elementary_zones.pdf"
"115","國小","汐止區","東山國小","基本學區","東山里","","school/115_elementary_zones.pdf"
"115","國小","汐止區","樟樹國小","基本學區","忠孝里","","school/115_elementary_zones.pdf"
"115","國小","汐止區","樟樹國小","基本學區","山光里","","school/115_elementary_zones.pdf"
"115","國小","汐止區","樟樹國小","基本學區","厚德里","","school/115_elementary_zones.pdf"
"115","國小","汐止區","樟樹國小","基本學區","樟樹里","(1-5、12-14鄰)","school/115_elementary_zones.pdf"
"115","國小","汐止區","樟樹國小","自由學區","樟樹里","(9鄰)","school/115_elementary_zones.pdf"
"115","國小","汐止區","金龍國小","基本學區","北峰里","","school/115_elementary_zones.pdf"
"115","國小","汐止區","金龍國小","基本學區","金龍里","","school/115_elementary_zones.pdf"
"115","國小","汐止區","金龍國小","基本學區","湖光里","","school/115_elementary_zones.pdf"
"115","國小","汐止區","金龍國小","基本學區","湖蓮里","","school/115_elementary_zones.pdf"
"115","國小","汐止區","金龍國小","基本學區","湖興里","","school/115_elementary_zones.pdf"
"115","國小","汐止區","金龍國小","基本學區","北山里","","school/115_elementary_zones.pdf"
"115","國小","汐止區","金龍國小","基本學區","環河里","(1-5鄰)","school/115_elementary_zones.pdf"
"115","國小","汐止區","金龍國小","自由學區","長青里","","school/115_elementary_zones.pdf"
"115","國小","汐止區","金龍國小","自由學區","忠山里","","school/115_elementary_zones.pdf"
"115","國小","汐止區","青山國中小國小部","基本學區","文化里","","school/115_elementary_zones.pdf"
"115","國小","汐止區","青山國中小國小部","基本學區","自強里","","school/115_elementary_zones.pdf"
"115","國小","汐止區","青山國中小國小部","自由學區","白雲里","(10-26鄰)；自由學區","school/115_elementary_zones.pdf"
"115","國小","萬里區","萬里國小","基本學區","萬里里","","school/115_elementary_zones.pdf"
"115","國小","萬里區","萬里國小","基本學區","北基里","","school/115_elementary_zones.pdf"
"115","國小","萬里區","萬里國小","基本學區","龜吼里","","school/115_elementary_zones.pdf"
"115","國小","萬里區","萬里國小","基本學區","中幅里","","school/115_elementary_zones.pdf"
"115","國小","萬里區","野柳國小","基本學區","野柳里","","school/115_elementary_zones.pdf"
"115","國小","萬里區","大鵬國小","基本學區","大鵬里","","school/115_elementary_zones.pdf"
"115","國小","萬里區","大鵬國小","基本學區","磺潭里","","school/115_elementary_zones.pdf"
"115","國小","萬里區","大鵬國小","基本學區","雙興里","(9鄰)","school/115_elementary_zones.pdf"
"115","國小","萬里區","崁腳國小","基本學區","溪底里","(1鄰)","school/115_elementary_zones.pdf"
"115","國小","萬里區","大坪國小","基本學區","溪底里","(1鄰除外)；含除外條件，依原文整里估算","school/115_elementary_zones.pdf"
"115","國小","萬里區","大坪國小","基本學區","雙興里","(9鄰除外)；含除外條件，依原文整里估算","school/115_elementary_zones.pdf"
"115","國小","金山區","金山國小","基本學區","三界里","","school/115_elementary_zones.pdf"
"115","國小","金山區","金山國小","基本學區","和平里","","school/115_elementary_zones.pdf"
"115","國小","金山區","金山國小","基本學區","大同里","","school/115_elementary_zones.pdf"
"115","國小","金山區","金山國小","基本學區","豐漁里","","school/115_elementary_zones.pdf"
"115","國小","金山區","金山國小","基本學區","磺港里","","school/115_elementary_zones.pdf"
"115","國小","金山區","金山國小","基本學區","清泉里","(1、2鄰)","school/115_elementary_zones.pdf"
"115","國小","金山區","金山國小","基本學區","六股里","(1-5鄰)","school/115_elementary_zones.pdf"
"115","國小","金山區","金山國小","基本學區","金美里","(2、7、8、10、14鄰)","school/115_elementary_zones.pdf"
"115","國小","金山區","金山國小","基本學區","美田里","(1-23鄰)","school/115_elementary_zones.pdf"
"115","國小","金山區","金山國小","自由學區","六股里","","school/115_elementary_zones.pdf"
"115","國小","金山區","金美國小","基本學區","五湖里","","school/115_elementary_zones.pdf"
"115","國小","金山區","金美國小","基本學區","金美里","(1、3-6、9、11-13、15-35鄰)","school/115_elementary_zones.pdf"
"115","國小","金山區","金美國小","基本學區","美田里","(24、25鄰)","school/115_elementary_zones.pdf"
"115","國小","金山區","三和國小","基本學區","重和里","","school/115_elementary_zones.pdf"
"115","國小","金山區","三和國小","基本學區","兩湖里","","school/115_elementary_zones.pdf"
"115","國小","金山區","三和國小","基本學區","六股里","(7、8鄰)","school/115_elementary_zones.pdf"
"115","國小","金山區","三和國小","自由學區","六股里","","school/115_elementary_zones.pdf"
"115","國小","金山區","中角國小","基本學區","清泉里","(3-10鄰)","school/115_elementary_zones.pdf"
"115","國小","金山區","中角國小","基本學區","西湖里","","school/115_elementary_zones.pdf"
"115","國小","金山區","中角國小","基本學區","萬壽里","","school/115_elementary_zones.pdf"
"115","國小","金山區","中角國小","基本學區","永興里","","school/115_elementary_zones.pdf"
"115","國小","新店區","新店國小","基本學區","新店里","","school/115_elementary_zones.pdf"
"115","國小","新店區","新店國小","基本學區","國校里","","school/115_elementary_zones.pdf"
"115","國小","新店區","新店國小","基本學區","張南里","","school/115_elementary_zones.pdf"
"115","國小","新店區","新店國小","基本學區","文中里","","school/115_elementary_zones.pdf"
"115","國小","新店區","新店國小","基本學區","廣明里","","school/115_elementary_zones.pdf"
"115","國小","新店區","新店國小","基本學區","文明里","","school/115_elementary_zones.pdf"
"115","國小","新店區","新店國小","基本學區","中興里","(15-18鄰)","school/115_elementary_zones.pdf"
"115","國小","新店區","新店國小","基本學區","頂城里","(1-10鄰)","school/115_elementary_zones.pdf"
"115","國小","新店區","新店國小","基本學區","直潭里","(1-7鄰)","school/115_elementary_zones.pdf"
"115","國小","新店區","新店國小","基本學區","塗潭里","(1-3鄰)","school/115_elementary_zones.pdf"
"115","國小","新店區","新店國小","基本學區","粗坑里","(1、2、3、9鄰)","school/115_elementary_zones.pdf"
"115","國小","新店區","新店國小","基本學區","太平里","","school/115_elementary_zones.pdf"
"115","國小","新店區","新店國小","自由學區","美城里","","school/115_elementary_zones.pdf"
"115","國小","新店區","新店國小","自由學區","青潭里","(1-2鄰)","school/115_elementary_zones.pdf"
"115","國小","新店區","大豐國小","基本學區","明德里","","school/115_elementary_zones.pdf"
"115","國小","新店區","大豐國小","基本學區","國豐里","","school/115_elementary_zones.pdf"
"115","國小","新店區","大豐國小","基本學區","信義里","","school/115_elementary_zones.pdf"
"115","國小","新店區","大豐國小","基本學區","大豐里","","school/115_elementary_zones.pdf"
"115","國小","新店區","大豐國小","基本學區","江陵里","","school/115_elementary_zones.pdf"
"115","國小","新店區","大豐國小","基本學區","大鵬里","","school/115_elementary_zones.pdf"
"115","國小","新店區","大豐國小","基本學區","忠孝里","","school/115_elementary_zones.pdf"
"115","國小","新店區","大豐國小","基本學區","建國里","","school/115_elementary_zones.pdf"
"115","國小","新店區","大豐國小","基本學區","百和里","","school/115_elementary_zones.pdf"
"115","國小","新店區","大豐國小","基本學區","大同里","","school/115_elementary_zones.pdf"
"115","國小","新店區","大豐國小","基本學區","復興里","","school/115_elementary_zones.pdf"
"115","國小","新店區","大豐國小","基本學區","仁愛里","(13-19鄰)","school/115_elementary_zones.pdf"
"115","國小","新店區","大豐國小","基本學區","寶安里","(14-39鄰)","school/115_elementary_zones.pdf"
"115","國小","新店區","大豐國小","自由學區","中山里","自由學區","school/115_elementary_zones.pdf"
"115","國小","新店區","大豐國小","自由學區","和平里","自由學區","school/115_elementary_zones.pdf"
"115","國小","新店區","中正國小","基本學區","新德里","","school/115_elementary_zones.pdf"
"115","國小","新店區","中正國小","基本學區","中央里","","school/115_elementary_zones.pdf"
"115","國小","新店區","中正國小","基本學區","中正里","","school/115_elementary_zones.pdf"
"115","國小","新店區","中正國小","基本學區","中華里","","school/115_elementary_zones.pdf"
"115","國小","新店區","中正國小","基本學區","福民里","","school/115_elementary_zones.pdf"
"115","國小","新店區","中正國小","基本學區","百忍里","","school/115_elementary_zones.pdf"
"115","國小","新店區","中正國小","基本學區","百福里","","school/115_elementary_zones.pdf"
"115","國小","新店區","中正國小","基本學區","新生里","","school/115_elementary_zones.pdf"
"115","國小","新店區","中正國小","基本學區","福德里","","school/115_elementary_zones.pdf"
"115","國小","新店區","中正國小","自由學區","中山里","自由學區","school/115_elementary_zones.pdf"
"115","國小","新店區","中正國小","自由學區","和平里","自由學區","school/115_elementary_zones.pdf"
"115","國小","新店區","北新國小","基本學區","新安里","","school/115_elementary_zones.pdf"
"115","國小","新店區","北新國小","基本學區","忠誠里","","school/115_elementary_zones.pdf"
"115","國小","新店區","北新國小","基本學區","寶興里","","school/115_elementary_zones.pdf"
"115","國小","新店區","北新國小","基本學區","張北里","","school/115_elementary_zones.pdf"
"115","國小","新店區","北新國小","基本學區","寶福里","","school/115_elementary_zones.pdf"
"115","國小","新店區","北新國小","基本學區","中興里","(1-14鄰)","school/115_elementary_zones.pdf"
"115","國小","新店區","北新國小","基本學區","長春里","","school/115_elementary_zones.pdf"
"115","國小","新店區","北新國小","基本學區","寶安里","(1-13鄰)","school/115_elementary_zones.pdf"
"115","國小","新店區","北新國小","基本學區","仁愛里","(1-12鄰)","school/115_elementary_zones.pdf"
"115","國小","新店區","北新國小","自由學區","美潭里","(16-20鄰)","school/115_elementary_zones.pdf"
"115","國小","新店區","安坑國小","基本學區","下城里","","school/115_elementary_zones.pdf"
"115","國小","新店區","安坑國小","基本學區","公崙里","","school/115_elementary_zones.pdf"
"115","國小","新店區","安坑國小","基本學區","德安里","(1-17鄰)","school/115_elementary_zones.pdf"
"115","國小","新店區","安坑國小","基本學區","頂城里","(11-18鄰)","school/115_elementary_zones.pdf"
"115","國小","新店區","安坑國小","基本學區","明城里","","school/115_elementary_zones.pdf"
"115","國小","新店區","安坑國小","基本學區","安昌里","","school/115_elementary_zones.pdf"
"115","國小","新店區","安坑國小","基本學區","達觀里","","school/115_elementary_zones.pdf"
"115","國小","新店區","安坑國小","基本學區","柴埕里","(25-27鄰除外)；含除外條件，依原文整里估算","school/115_elementary_zones.pdf"
"115","國小","新店區","安坑國小","自由學區","柴埕里","(25-27鄰)","school/115_elementary_zones.pdf"
"115","國小","新店區","安坑國小","自由學區","德安里","(18-28鄰)","school/115_elementary_zones.pdf"
"115","國小","新店區","新和國小","基本學區","永安里","","school/115_elementary_zones.pdf"
"115","國小","新店區","新和國小","基本學區","安和里","","school/115_elementary_zones.pdf"
"115","國小","新店區","新和國小","基本學區","新和里","","school/115_elementary_zones.pdf"
"115","國小","新店區","新和國小","基本學區","永平里","","school/115_elementary_zones.pdf"
"115","國小","新店區","新和國小","自由學區","柴埕里","(25-27鄰)","school/115_elementary_zones.pdf"
"115","國小","新店區","直潭國小","基本學區","直潭里","(8-22鄰)","school/115_elementary_zones.pdf"
"115","國小","新店區","直潭國小","基本學區","塗潭里","(4-11鄰)","school/115_elementary_zones.pdf"
"115","國小","新店區","直潭國小","基本學區","華城里","","school/115_elementary_zones.pdf"
"115","國小","新店區","直潭國小","自由學區","美城里","","school/115_elementary_zones.pdf"
"115","國小","新店區","青潭國小","基本學區","青潭里","(3-22鄰)","school/115_elementary_zones.pdf"
"115","國小","新店區","青潭國小","基本學區","美潭里","(1-15鄰)","school/115_elementary_zones.pdf"
"115","國小","新店區","青潭國小","基本學區","員潭里","","school/115_elementary_zones.pdf"
"115","國小","新店區","青潭國小","自由學區","青潭里","(1-2鄰)","school/115_elementary_zones.pdf"
"115","國小","新店區","青潭國小","自由學區","美潭里","(16-20鄰)","school/115_elementary_zones.pdf"
"115","國小","新店區","屈尺國小","基本學區","屈尺里","","school/115_elementary_zones.pdf"
"115","國小","新店區","屈尺國小","基本學區","廣興里","","school/115_elementary_zones.pdf"
"115","國小","新店區","屈尺國小","基本學區","粗坑里","(1、2、3、9鄰除外)；含除外條件，依原文整里估算","school/115_elementary_zones.pdf"
"115","國小","新店區","龜山國小","基本學區","龜山里","","school/115_elementary_zones.pdf"
"115","國小","新店區","雙城國小","基本學區","雙城里","","school/115_elementary_zones.pdf"
"115","國小","新店區","雙城國小","基本學區","日興里","","school/115_elementary_zones.pdf"
"115","國小","新店區","雙城國小","基本學區","香坡里","","school/115_elementary_zones.pdf"
"115","國小","新店區","雙城國小","自由學區","玫瑰里","","school/115_elementary_zones.pdf"
"115","國小","新店區","雙城國小","自由學區","吉祥里","","school/115_elementary_zones.pdf"
"115","國小","新店區","雙峰國小","基本學區","雙坑里","","school/115_elementary_zones.pdf"
"115","國小","新店區","達觀國中小國小部","基本學區","小城里","","school/115_elementary_zones.pdf"
"115","國小","新店區","達觀國中小國小部","自由學區","玫瑰里","自由學區","school/115_elementary_zones.pdf"
"115","國小","新店區","達觀國中小國小部","自由學區","吉祥里","自由學區","school/115_elementary_zones.pdf"
"115","國小","新店區","達觀國中小國小部","自由學區","德安里","(18-28鄰)；自由學區","school/115_elementary_zones.pdf"
"115","國小","深坑區","深坑國小","自由學區","土庫里","","school/115_elementary_zones.pdf"
"115","國小","石碇區","石碇國小","基本學區","石碇里","","school/115_elementary_zones.pdf"
"115","國小","石碇區","石碇國小","基本學區","潭邊里","","school/115_elementary_zones.pdf"
"115","國小","石碇區","石碇國小","基本學區","烏塗里","","school/115_elementary_zones.pdf"
"115","國小","石碇區","石碇國小","基本學區","彭山里","","school/115_elementary_zones.pdf"
"115","國小","石碇區","石碇國小","基本學區","豐田里","(1-5鄰)","school/115_elementary_zones.pdf"
"115","國小","石碇區","石碇國小","自由學區","石碇里","","school/115_elementary_zones.pdf"
"115","國小","石碇區","石碇國小","自由學區","豐田里","(6-7鄰)","school/115_elementary_zones.pdf"
"115","國小","石碇區","永定國小","基本學區","永定里","","school/115_elementary_zones.pdf"
"115","國小","石碇區","永定國小","基本學區","中民里","","school/115_elementary_zones.pdf"
"115","國小","石碇區","永定國小","基本學區","光明里","","school/115_elementary_zones.pdf"
"115","國小","石碇區","永定國小","自由學區","豐田里","(6-7鄰)；自由學區","school/115_elementary_zones.pdf"
"115","國小","石碇區","和平國小","基本學區","隆盛里","","school/115_elementary_zones.pdf"
"115","國小","石碇區","和平國小","基本學區","豐林里","","school/115_elementary_zones.pdf"
"115","國小","石碇區","雲海國小","基本學區","格頭里","","school/115_elementary_zones.pdf"
"115","國小","石碇區","雲海國小","基本學區","永安里","","school/115_elementary_zones.pdf"
"115","國小","烏來區","烏來國中小國小部","基本學區","烏來里","","school/115_elementary_zones.pdf"
"115","國小","烏來區","烏來國中小國小部","基本學區","忠治里","","school/115_elementary_zones.pdf"
"115","國小","烏來區","烏來國中小國小部","基本學區","孝義里","","school/115_elementary_zones.pdf"
"115","國小","烏來區","烏來國中小國小部","基本學區","信賢里","","school/115_elementary_zones.pdf"
"115","國小","瑞芳區","瑞柑國小","基本學區","柑坪里","","school/115_elementary_zones.pdf"
"115","國小","瑞芳區","瑞柑國小","自由學區","新峰里","自由學區","school/115_elementary_zones.pdf"
"115","國小","瑞芳區","瑞芳國小","基本學區","龍興里","","school/115_elementary_zones.pdf"
"115","國小","瑞芳區","瑞芳國小","基本學區","龍川里","","school/115_elementary_zones.pdf"
"115","國小","瑞芳區","瑞芳國小","基本學區","東和里","","school/115_elementary_zones.pdf"
"115","國小","瑞芳區","瑞芳國小","基本學區","龍潭里","(9-13鄰)","school/115_elementary_zones.pdf"
"115","國小","瑞芳區","瑞芳國小","自由學區","新峰里","自由學區","school/115_elementary_zones.pdf"
"115","國小","瑞芳區","瑞芳國小","自由學區","龍鎮里","(1-4鄰)；自由學區","school/115_elementary_zones.pdf"
"115","國小","瑞芳區","瑞芳國小","自由學區","龍安里","(10-11鄰)；自由學區","school/115_elementary_zones.pdf"
"115","國小","瑞芳區","瑞芳國小","自由學區","碩仁里","自由學區","school/115_elementary_zones.pdf"
"115","國小","瑞芳區","瑞芳國小","自由學區","傑魚里","(5-7鄰)；自由學區","school/115_elementary_zones.pdf"
"115","國小","瑞芳區","義方國小","基本學區","龍山里","","school/115_elementary_zones.pdf"
"115","國小","瑞芳區","義方國小","基本學區","龍潭里","(1-8鄰)","school/115_elementary_zones.pdf"
"115","國小","瑞芳區","義方國小","基本學區","龍鎮里","(5-15鄰)","school/115_elementary_zones.pdf"
"115","國小","瑞芳區","義方國小","基本學區","龍安里","(1-9鄰)","school/115_elementary_zones.pdf"
"115","國小","瑞芳區","義方國小","自由學區","龍鎮里","(1-4鄰)","school/115_elementary_zones.pdf"
"115","國小","瑞芳區","義方國小","自由學區","龍安里","(10-11鄰)","school/115_elementary_zones.pdf"
"115","國小","瑞芳區","九份國小","基本學區","福住里","","school/115_elementary_zones.pdf"
"115","國小","瑞芳區","九份國小","基本學區","崇文里","","school/115_elementary_zones.pdf"
"115","國小","瑞芳區","九份國小","基本學區","基山里","","school/115_elementary_zones.pdf"
"115","國小","瑞芳區","九份國小","基本學區","頌德里","","school/115_elementary_zones.pdf"
"115","國小","瑞芳區","九份國小","基本學區","永慶里","","school/115_elementary_zones.pdf"
"115","國小","瑞芳區","瓜山國小","基本學區","新山里","","school/115_elementary_zones.pdf"
"115","國小","瑞芳區","瓜山國小","基本學區","銅山里","","school/115_elementary_zones.pdf"
"115","國小","瑞芳區","瓜山國小","基本學區","石山里","","school/115_elementary_zones.pdf"
"115","國小","瑞芳區","瓜山國小","基本學區","瓜山里","","school/115_elementary_zones.pdf"
"115","國小","瑞芳區","鼻頭國小","基本學區","鼻頭里","","school/115_elementary_zones.pdf"
"115","國小","瑞芳區","鼻頭國小","基本學區","南雅里","","school/115_elementary_zones.pdf"
"115","國小","瑞芳區","瑞濱國小","基本學區","海濱里","","school/115_elementary_zones.pdf"
"115","國小","瑞芳區","瑞濱國小","基本學區","瑞濱里","","school/115_elementary_zones.pdf"
"115","國小","瑞芳區","瑞濱國小","基本學區","深澳里","","school/115_elementary_zones.pdf"
"115","國小","瑞芳區","吉慶國小","基本學區","吉慶里","","school/115_elementary_zones.pdf"
"115","國小","瑞芳區","吉慶國小","基本學區","吉安里","","school/115_elementary_zones.pdf"
"115","國小","瑞芳區","吉慶國小","基本學區","上天里","(9-12鄰)","school/115_elementary_zones.pdf"
"115","國小","瑞芳區","吉慶國小","自由學區","上天里","(7-8鄰)；自由學區","school/115_elementary_zones.pdf"
"115","國小","瑞芳區","瑞亭國小","基本學區","傑魚里","(1-4、8-10鄰)","school/115_elementary_zones.pdf"
"115","國小","瑞芳區","瑞亭國小","基本學區","上天里","(1-6鄰)","school/115_elementary_zones.pdf"
"115","國小","瑞芳區","瑞亭國小","自由學區","上天里","(7-8鄰)","school/115_elementary_zones.pdf"
"115","國小","瑞芳區","瑞亭國小","自由學區","傑魚里","(5-7鄰)","school/115_elementary_zones.pdf"
"115","國小","雙溪區","雙溪國小","基本學區","共和里","","school/115_elementary_zones.pdf"
"115","國小","雙溪區","雙溪國小","基本學區","魚行里","","school/115_elementary_zones.pdf"
"115","國小","雙溪區","雙溪國小","基本學區","新基里","","school/115_elementary_zones.pdf"
"115","國小","雙溪區","雙溪國小","基本學區","平林里","","school/115_elementary_zones.pdf"
"115","國小","雙溪區","雙溪國小","基本學區","雙溪里","","school/115_elementary_zones.pdf"
"115","國小","雙溪區","雙溪國小","基本學區","泰平里","","school/115_elementary_zones.pdf"
"115","國小","雙溪區","雙溪國小","基本學區","三港里","","school/115_elementary_zones.pdf"
"115","國小","雙溪區","雙溪國小","基本學區","牡丹里","(1-6、23-26鄰)","school/115_elementary_zones.pdf"
"115","國小","雙溪區","上林國小","基本學區","上林里","","school/115_elementary_zones.pdf"
"115","國小","雙溪區","柑林國小","基本學區","外柑里","","school/115_elementary_zones.pdf"
"115","國小","雙溪區","柑林國小","基本學區","長源里","","school/115_elementary_zones.pdf"
"115","國小","雙溪區","牡丹國小","基本學區","牡丹里","(7-22、27-38鄰)","school/115_elementary_zones.pdf"
"115","國小","雙溪區","牡丹國小","基本學區","三貂里","","school/115_elementary_zones.pdf"
"115","國小","貢寮區","貢寮國小","基本學區","貢寮里","","school/115_elementary_zones.pdf"
"115","國小","貢寮區","貢寮國小","基本學區","雙玉里","","school/115_elementary_zones.pdf"
"115","國小","貢寮區","貢寮國小","基本學區","龍崗里","","school/115_elementary_zones.pdf"
"115","國小","貢寮區","貢寮國小","基本學區","龍門里","","school/115_elementary_zones.pdf"
"115","國小","貢寮區","貢寮國小","基本學區","吉林里","","school/115_elementary_zones.pdf"
"115","國小","貢寮區","和美國小","基本學區","和美里","","school/115_elementary_zones.pdf"
"115","國小","貢寮區","澳底國小","基本學區","真理里","","school/115_elementary_zones.pdf"
"115","國小","貢寮區","澳底國小","基本學區","仁里里","","school/115_elementary_zones.pdf"
"115","國小","貢寮區","澳底國小","基本學區","美豐里","","school/115_elementary_zones.pdf"
"115","國小","貢寮區","福隆國小","基本學區","福隆里","","school/115_elementary_zones.pdf"
"115","國小","貢寮區","福連國小","基本學區","福連里","","school/115_elementary_zones.pdf"
"115","國小","平溪區","十分國小","基本學區","望古里","(3-8鄰)","school/115_elementary_zones.pdf"
"115","國小","平溪區","十分國小","基本學區","南山里","","school/115_elementary_zones.pdf"
"115","國小","平溪區","十分國小","基本學區","平湖里","","school/115_elementary_zones.pdf"
"115","國小","平溪區","十分國小","基本學區","新寮里","","school/115_elementary_zones.pdf"
"115","國小","平溪區","十分國小","基本學區","十分里","","school/115_elementary_zones.pdf"
"115","國小","平溪區","平溪國小","基本學區","石底里","","school/115_elementary_zones.pdf"
"115","國小","平溪區","平溪國小","基本學區","平溪里","","school/115_elementary_zones.pdf"
"115","國小","平溪區","平溪國小","基本學區","嶺腳里","","school/115_elementary_zones.pdf"
"115","國小","平溪區","平溪國小","基本學區","東勢里","","school/115_elementary_zones.pdf"
"115","國小","平溪區","平溪國小","基本學區","望古里","(1-2鄰)","school/115_elementary_zones.pdf"
"115","國小","平溪區","菁桐國小","基本學區","薯榔里","","school/115_elementary_zones.pdf"
"115","國小","平溪區","菁桐國小","基本學區","菁桐里","","school/115_elementary_zones.pdf"
"115","國小","平溪區","菁桐國小","基本學區","白石里","","school/115_elementary_zones.pdf"
"115","國小","淡水區","淡水國小","基本學區","清文里","","school/115_elementary_zones.pdf"
"115","國小","淡水區","淡水國小","基本學區","協元里","","school/115_elementary_zones.pdf"
"115","國小","淡水區","淡水國小","基本學區","長庚里","","school/115_elementary_zones.pdf"
"115","國小","淡水區","淡水國小","基本學區","草東里","","school/115_elementary_zones.pdf"
"115","國小","淡水區","淡水國小","基本學區","永吉里","","school/115_elementary_zones.pdf"
"115","國小","淡水區","淡水國小","基本學區","北投里","(12鄰)","school/115_elementary_zones.pdf"
"115","國小","淡水區","淡水國小","基本學區","中興里","(6-7、11-17鄰)","school/115_elementary_zones.pdf"
"115","國小","淡水區","淡水國小","自由學區","新義里","(1-7鄰)","school/115_elementary_zones.pdf"
"115","國小","淡水區","淡水國小","自由學區","中興里","(1-5、8-10、18鄰)","school/115_elementary_zones.pdf"
"115","國小","淡水區","淡水國小","自由學區","北投里","(5-8鄰)","school/115_elementary_zones.pdf"
"115","國小","淡水區","淡水國小","自由學區","水碓里","","school/115_elementary_zones.pdf"
"115","國小","淡水區","淡水國小","自由學區","正德里","","school/115_elementary_zones.pdf"
"115","國小","淡水區","淡水國小","自由學區","北新里","(1、10-16鄰)","school/115_elementary_zones.pdf"
"115","國小","淡水區","鄧公國小","基本學區","幸福里","","school/115_elementary_zones.pdf"
"115","國小","淡水區","鄧公國小","基本學區","鄧公里","","school/115_elementary_zones.pdf"
"115","國小","淡水區","鄧公國小","基本學區","學府里","","school/115_elementary_zones.pdf"
"115","國小","淡水區","鄧公國小","自由學區","竿蓁里","","school/115_elementary_zones.pdf"
"115","國小","淡水區","鄧公國小","自由學區","北新里","(2-9、17-20鄰)","school/115_elementary_zones.pdf"
"115","國小","淡水區","鄧公國小","自由學區","中興里","(1-5、8-10、18鄰)","school/115_elementary_zones.pdf"
"115","國小","淡水區","鄧公國小","自由學區","樹興里","(9-12鄰)","school/115_elementary_zones.pdf"
"115","國小","淡水區","鄧公國小","自由學區","北投里","(13-15鄰)","school/115_elementary_zones.pdf"
"115","國小","淡水區","新興國小","基本學區","新義里","(8-14鄰)","school/115_elementary_zones.pdf"
"115","國小","淡水區","新興國小","基本學區","新興里","","school/115_elementary_zones.pdf"
"115","國小","淡水區","新興國小","基本學區","新春里","","school/115_elementary_zones.pdf"
"115","國小","淡水區","新興國小","基本學區","新民里","(3-12鄰)","school/115_elementary_zones.pdf"
"115","國小","淡水區","新興國小","自由學區","新義里","(1-7鄰)","school/115_elementary_zones.pdf"
"115","國小","淡水區","新興國小","自由學區","新民里","(1-2鄰)","school/115_elementary_zones.pdf"
"115","國小","淡水區","新興國小","自由學區","崁頂里","(3鄰)","school/115_elementary_zones.pdf"
"115","國小","淡水區","文化國小","基本學區","民安里","","school/115_elementary_zones.pdf"
"115","國小","淡水區","文化國小","基本學區","新生里","","school/115_elementary_zones.pdf"
"115","國小","淡水區","文化國小","基本學區","文化里","","school/115_elementary_zones.pdf"
"115","國小","淡水區","文化國小","自由學區","水碓里","","school/115_elementary_zones.pdf"
"115","國小","淡水區","文化國小","自由學區","正德里","","school/115_elementary_zones.pdf"
"115","國小","淡水區","文化國小","自由學區","北新里","(1、10-16鄰)","school/115_elementary_zones.pdf"
"115","國小","淡水區","文化國小","自由學區","新義里","(1-7鄰)","school/115_elementary_zones.pdf"
"115","國小","淡水區","文化國小","自由學區","新民里","(1-2鄰)","school/115_elementary_zones.pdf"
"115","國小","淡水區","育英國小","基本學區","埤島里","(3-13鄰)","school/115_elementary_zones.pdf"
"115","國小","淡水區","育英國小","自由學區","埤島里","(1-2鄰)","school/115_elementary_zones.pdf"
"115","國小","淡水區","育英國小","自由學區","忠山里","(1-2、7-8鄰)","school/115_elementary_zones.pdf"
"115","國小","淡水區","育英國小","自由學區","義山里","(1-3、9-11鄰)","school/115_elementary_zones.pdf"
"115","國小","淡水區","興仁國小","基本學區","興仁里","","school/115_elementary_zones.pdf"
"115","國小","淡水區","興仁國小","基本學區","賢孝里","(4-7鄰)","school/115_elementary_zones.pdf"
"115","國小","淡水區","興仁國小","基本學區","義山里","(4-8、12-19鄰)","school/115_elementary_zones.pdf"
"115","國小","淡水區","興仁國小","基本學區","蕃薯里","(7-10鄰)","school/115_elementary_zones.pdf"
"115","國小","淡水區","興仁國小","自由學區","忠山里","(1-2、7-8鄰)","school/115_elementary_zones.pdf"
"115","國小","淡水區","興仁國小","自由學區","蕃薯里","(5-6鄰)","school/115_elementary_zones.pdf"
"115","國小","淡水區","興仁國小","自由學區","義山里","(1-3、9-11鄰)","school/115_elementary_zones.pdf"
"115","國小","淡水區","新市國小","基本學區","北投里","(1-3、16-19鄰)","school/115_elementary_zones.pdf"
"115","國小","淡水區","新市國小","自由學區","埤島里","(1-2鄰)","school/115_elementary_zones.pdf"
"115","國小","淡水區","新市國小","自由學區","北投里","(4、9-11、20-22鄰)","school/115_elementary_zones.pdf"
"115","國小","淡水區","水源國小","基本學區","水源里","","school/115_elementary_zones.pdf"
"115","國小","淡水區","水源國小","基本學區","忠寮里","(1-7、12-13鄰)","school/115_elementary_zones.pdf"
"115","國小","淡水區","水源國小","自由學區","北投里","","school/115_elementary_zones.pdf"
"115","國小","淡水區","水源國小","自由學區","樹興里","(1-2鄰)","school/115_elementary_zones.pdf"
"115","國小","淡水區","水源國小","自由學區","忠寮里","(8-9鄰)","school/115_elementary_zones.pdf"
"115","國小","淡水區","坪頂國小","基本學區","坪頂里","","school/115_elementary_zones.pdf"
"115","國小","淡水區","坪頂國小","基本學區","樹興里","(3-8鄰)","school/115_elementary_zones.pdf"
"115","國小","淡水區","坪頂國小","自由學區","竿蓁里","","school/115_elementary_zones.pdf"
"115","國小","淡水區","坪頂國小","自由學區","樹興里","(1-2鄰)","school/115_elementary_zones.pdf"
"115","國小","淡水區","屯山國小","基本學區","屯山里","","school/115_elementary_zones.pdf"
"115","國小","淡水區","屯山國小","基本學區","賢孝里","(1-3、8、10-14鄰)","school/115_elementary_zones.pdf"
"115","國小","淡水區","屯山國小","自由學區","中和里","(1鄰)","school/115_elementary_zones.pdf"
"115","國小","淡水區","中泰國小","基本學區","中和里","(2-11鄰)","school/115_elementary_zones.pdf"
"115","國小","淡水區","中泰國小","基本學區","賢孝里","(9鄰)","school/115_elementary_zones.pdf"
"115","國小","淡水區","中泰國小","基本學區","蕃薯里","(1-4鄰)","school/115_elementary_zones.pdf"
"115","國小","淡水區","中泰國小","自由學區","中和里","(1鄰)","school/115_elementary_zones.pdf"
"115","國小","淡水區","中泰國小","自由學區","蕃薯里","(5-6鄰)","school/115_elementary_zones.pdf"
"115","國小","淡水區","天生國小","基本學區","油車里","含除外條件，依原文整里估算","school/115_elementary_zones.pdf"
"115","國小","淡水區","天生國小","基本學區","沙崙里","(8鄰除外)；含除外條件，依原文整里估算","school/115_elementary_zones.pdf"
"115","國小","淡水區","天生國小","基本學區","大庄里","","school/115_elementary_zones.pdf"
"115","國小","淡水區","天生國小","自由學區","沙崙里","","school/115_elementary_zones.pdf"
"115","國小","淡水區","竹圍國小","基本學區","民生里","","school/115_elementary_zones.pdf"
"115","國小","淡水區","竹圍國小","基本學區","竹圍里","","school/115_elementary_zones.pdf"
"115","國小","淡水區","竹圍國小","基本學區","民權里","","school/115_elementary_zones.pdf"
"115","國小","淡水區","竹圍國小","基本學區","八勢里","","school/115_elementary_zones.pdf"
"115","國小","淡水區","竹圍國小","自由學區","竿蓁里","","school/115_elementary_zones.pdf"
"115","國小","淡水區","竹圍國小","自由學區","福德里","","school/115_elementary_zones.pdf"
"115","國小","淡水區","淡海國小","基本學區","崁頂里","(1-17鄰)","school/115_elementary_zones.pdf"
"115","國小","淡水區","淡海國小","自由學區","沙崙里","自由學區","school/115_elementary_zones.pdf"
"115","國小","石門區","石門國小","基本學區","石門里","","school/115_elementary_zones.pdf"
"115","國小","石門區","石門國小","基本學區","尖鹿里","","school/115_elementary_zones.pdf"
"115","國小","石門區","石門國小","基本學區","山溪里","","school/115_elementary_zones.pdf"
"115","國小","石門區","乾華國小","基本學區","茂林里","","school/115_elementary_zones.pdf"
"115","國小","石門區","乾華國小","基本學區","草里里","","school/115_elementary_zones.pdf"
"115","國小","石門區","乾華國小","基本學區","乾華里","","school/115_elementary_zones.pdf"
"115","國小","三芝區","三芝國小","基本學區","八賢里","","school/115_elementary_zones.pdf"
"115","國小","三芝區","三芝國小","基本學區","埔頭里","","school/115_elementary_zones.pdf"
"115","國小","三芝區","三芝國小","基本學區","埔坪里","","school/115_elementary_zones.pdf"
"115","國小","三芝區","三芝國小","基本學區","古庄里","","school/115_elementary_zones.pdf"
"115","國小","三芝區","三芝國小","基本學區","新庄里","","school/115_elementary_zones.pdf"
"115","國小","三芝區","三芝國小","基本學區","茂長里","","school/115_elementary_zones.pdf"
"115","國小","三芝區","三芝國小","基本學區","錫板里","","school/115_elementary_zones.pdf"
"115","國小","三芝區","三芝國小","基本學區","福德里","","school/115_elementary_zones.pdf"
"115","國小","三芝區","三芝國小","自由學區","後厝里","","school/115_elementary_zones.pdf"
"115","國小","三芝區","三芝國小","自由學區","圓山里","(1-5鄰)","school/115_elementary_zones.pdf"
"115","國小","三芝區","興華國小","基本學區","興華里","","school/115_elementary_zones.pdf"
"115","國小","三芝區","興華國小","基本學區","店子里","","school/115_elementary_zones.pdf"
"115","國小","三芝區","興華國小","自由學區","圓山里","(1-5鄰)；自由學區","school/115_elementary_zones.pdf"
"115","國小","三芝區","橫山國小","基本學區","橫山里","","school/115_elementary_zones.pdf"
"115","國小","三芝區","橫山國小","基本學區","圓山里","(6、7鄰)","school/115_elementary_zones.pdf"
"115","國小","三重區","三重國小","基本學區","崇德里","","school/115_elementary_zones.pdf"
"115","國小","三重區","三重國小","基本學區","奕壽里","","school/115_elementary_zones.pdf"
"115","國小","三重區","三重國小","基本學區","介壽里","","school/115_elementary_zones.pdf"
"115","國小","三重區","三重國小","基本學區","三安里","","school/115_elementary_zones.pdf"
"115","國小","三重區","三重國小","基本學區","龍門里","","school/115_elementary_zones.pdf"
"115","國小","三重區","三重國小","基本學區","秀江里","(1-3、8-13鄰)","school/115_elementary_zones.pdf"
"115","國小","三重區","三重國小","基本學區","長安里","","school/115_elementary_zones.pdf"
"115","國小","三重區","三重國小","基本學區","大德里","","school/115_elementary_zones.pdf"
"115","國小","三重區","三重國小","基本學區","開元里","","school/115_elementary_zones.pdf"
"115","國小","三重區","三重國小","基本學區","尚德里","(1-5、16、21-29鄰)","school/115_elementary_zones.pdf"
"115","國小","三重區","三重國小","基本學區","安慶里","(1-6鄰)","school/115_elementary_zones.pdf"
"115","國小","三重區","三重國小","自由學區","安慶里","自由學區","school/115_elementary_zones.pdf"
"115","國小","三重區","三重國小","自由學區","雙園里","自由學區","school/115_elementary_zones.pdf"
"115","國小","三重區","三重國小","自由學區","秀江里","(4-7、14、15鄰)；自由學區","school/115_elementary_zones.pdf"
"115","國小","三重區","三重國小","自由學區","瑞德里","自由學區","school/115_elementary_zones.pdf"
"115","國小","三重區","興穀國小","基本學區","五谷里","","school/115_elementary_zones.pdf"
"115","國小","三重區","興穀國小","基本學區","谷王里","","school/115_elementary_zones.pdf"
"115","國小","三重區","興穀國小","基本學區","德厚里","","school/115_elementary_zones.pdf"
"115","國小","三重區","興穀國小","自由學區","中興里","自由學區","school/115_elementary_zones.pdf"
"115","國小","三重區","興穀國小","自由學區","頂崁里","自由學區","school/115_elementary_zones.pdf"
"115","國小","三重區","正義國小","基本學區","正安里","","school/115_elementary_zones.pdf"
"115","國小","三重區","正義國小","基本學區","正義里","","school/115_elementary_zones.pdf"
"115","國小","三重區","正義國小","基本學區","正德里","","school/115_elementary_zones.pdf"
"115","國小","三重區","正義國小","基本學區","重新里","","school/115_elementary_zones.pdf"
"115","國小","三重區","正義國小","基本學區","光華里","","school/115_elementary_zones.pdf"
"115","國小","三重區","正義國小","基本學區","中央里","","school/115_elementary_zones.pdf"
"115","國小","三重區","正義國小","基本學區","文化里","","school/115_elementary_zones.pdf"
"115","國小","三重區","正義國小","基本學區","錦安里","","school/115_elementary_zones.pdf"
"115","國小","三重區","正義國小","基本學區","錦通里","","school/115_elementary_zones.pdf"
"115","國小","三重區","正義國小","基本學區","長生里","","school/115_elementary_zones.pdf"
"115","國小","三重區","正義國小","基本學區","大園里","","school/115_elementary_zones.pdf"
"115","國小","三重區","正義國小","自由學區","雙園里","自由學區","school/115_elementary_zones.pdf"
"115","國小","三重區","正義國小","自由學區","中山里","自由學區","school/115_elementary_zones.pdf"
"115","國小","三重區","正義國小","自由學區","自強里","自由學區","school/115_elementary_zones.pdf"
"115","國小","三重區","二重國小","基本學區","大有里","","school/115_elementary_zones.pdf"
"115","國小","三重區","二重國小","基本學區","博愛里","","school/115_elementary_zones.pdf"
"115","國小","三重區","二重國小","基本學區","二重里","","school/115_elementary_zones.pdf"
"115","國小","三重區","二重國小","基本學區","田心里","","school/115_elementary_zones.pdf"
"115","國小","三重區","二重國小","基本學區","福田里","","school/115_elementary_zones.pdf"
"115","國小","三重區","二重國小","基本學區","光田里","","school/115_elementary_zones.pdf"
"115","國小","三重區","二重國小","基本學區","光陽里","","school/115_elementary_zones.pdf"
"115","國小","三重區","二重國小","基本學區","田安里","(中華路以西部分16-24、33-42鄰)","school/115_elementary_zones.pdf"
"115","國小","三重區","重陽國小","基本學區","田中里","","school/115_elementary_zones.pdf"
"115","國小","三重區","重陽國小","基本學區","三民里","","school/115_elementary_zones.pdf"
"115","國小","三重區","重陽國小","基本學區","六福里","","school/115_elementary_zones.pdf"
"115","國小","三重區","重陽國小","基本學區","永發里","","school/115_elementary_zones.pdf"
"115","國小","三重區","重陽國小","基本學區","田安里","(中華路以東部分1-15、25-32鄰)","school/115_elementary_zones.pdf"
"115","國小","三重區","重陽國小","自由學區","培德里","(17-24鄰)；自由學區","school/115_elementary_zones.pdf"
"115","國小","三重區","重陽國小","自由學區","錦田里","自由學區","school/115_elementary_zones.pdf"
"115","國小","三重區","厚德國小","基本學區","福安里","","school/115_elementary_zones.pdf"
"115","國小","三重區","厚德國小","基本學區","厚德里","","school/115_elementary_zones.pdf"
"115","國小","三重區","厚德國小","基本學區","維德里","","school/115_elementary_zones.pdf"
"115","國小","三重區","厚德國小","基本學區","尚德里","(6-15、17-20鄰)","school/115_elementary_zones.pdf"
"115","國小","三重區","厚德國小","基本學區","信安里","","school/115_elementary_zones.pdf"
"115","國小","三重區","厚德國小","基本學區","永德里","","school/115_elementary_zones.pdf"
"115","國小","三重區","厚德國小","基本學區","立德里","","school/115_elementary_zones.pdf"
"115","國小","三重區","厚德國小","基本學區","永煇里","","school/115_elementary_zones.pdf"
"115","國小","三重區","厚德國小","基本學區","六合里","(1-10鄰)","school/115_elementary_zones.pdf"
"115","國小","三重區","厚德國小","基本學區","培德里","(1-16鄰)","school/115_elementary_zones.pdf"
"115","國小","三重區","厚德國小","自由學區","培德里","(17-24鄰)；自由學區","school/115_elementary_zones.pdf"
"115","國小","三重區","厚德國小","自由學區","六合里","(11-25鄰)；自由學區","school/115_elementary_zones.pdf"
"115","國小","三重區","厚德國小","自由學區","永吉里","自由學區","school/115_elementary_zones.pdf"
"115","國小","三重區","厚德國小","自由學區","永盛里","自由學區","school/115_elementary_zones.pdf"
"115","國小","三重區","厚德國小","自由學區","永安里","自由學區","school/115_elementary_zones.pdf"
"115","國小","三重區","厚德國小","自由學區","福隆里","自由學區","school/115_elementary_zones.pdf"
"115","國小","三重區","永福國小","基本學區","永福里","","school/115_elementary_zones.pdf"
"115","國小","三重區","永福國小","基本學區","永清里","","school/115_elementary_zones.pdf"
"115","國小","三重區","永福國小","基本學區","永順里","","school/115_elementary_zones.pdf"
"115","國小","三重區","永福國小","基本學區","永豐里","","school/115_elementary_zones.pdf"
"115","國小","三重區","永福國小","自由學區","永吉里","自由學區","school/115_elementary_zones.pdf"
"115","國小","三重區","永福國小","自由學區","永盛里","自由學區","school/115_elementary_zones.pdf"
"115","國小","三重區","永福國小","自由學區","永安里","自由學區","school/115_elementary_zones.pdf"
"115","國小","三重區","永福國小","自由學區","福隆里","自由學區","school/115_elementary_zones.pdf"
"115","國小","三重區","永福國小","自由學區","福樂里","自由學區","school/115_elementary_zones.pdf"
"115","國小","三重區","碧華國小","基本學區","碧華里","","school/115_elementary_zones.pdf"
"115","國小","三重區","碧華國小","基本學區","慈化里","","school/115_elementary_zones.pdf"
"115","國小","三重區","碧華國小","基本學區","慈祐里","","school/115_elementary_zones.pdf"
"115","國小","三重區","碧華國小","基本學區","富福里","","school/115_elementary_zones.pdf"
"115","國小","三重區","碧華國小","基本學區","慈生里","","school/115_elementary_zones.pdf"
"115","國小","三重區","碧華國小","基本學區","慈惠里","","school/115_elementary_zones.pdf"
"115","國小","三重區","碧華國小","基本學區","慈愛里","","school/115_elementary_zones.pdf"
"115","國小","三重區","碧華國小","基本學區","溪美里","","school/115_elementary_zones.pdf"
"115","國小","三重區","碧華國小","基本學區","慈福里","","school/115_elementary_zones.pdf"
"115","國小","三重區","碧華國小","基本學區","仁華里","","school/115_elementary_zones.pdf"
"115","國小","三重區","碧華國小","自由學區","永盛里","自由學區","school/115_elementary_zones.pdf"
"115","國小","三重區","碧華國小","自由學區","永安里","自由學區","school/115_elementary_zones.pdf"
"115","國小","三重區","碧華國小","自由學區","福隆里","自由學區","school/115_elementary_zones.pdf"
"115","國小","三重區","碧華國小","自由學區","福樂里","自由學區","school/115_elementary_zones.pdf"
"115","國小","三重區","光榮國小","基本學區","龍濱里","","school/115_elementary_zones.pdf"
"115","國小","三重區","光榮國小","基本學區","錦江里","","school/115_elementary_zones.pdf"
"115","國小","三重區","光榮國小","基本學區","長江里","","school/115_elementary_zones.pdf"
"115","國小","三重區","光榮國小","基本學區","長福里","","school/115_elementary_zones.pdf"
"115","國小","三重區","光榮國小","基本學區","承德里","","school/115_elementary_zones.pdf"
"115","國小","三重區","光榮國小","基本學區","順德里","","school/115_elementary_zones.pdf"
"115","國小","三重區","光榮國小","基本學區","萬壽里","","school/115_elementary_zones.pdf"
"115","國小","三重區","光榮國小","基本學區","長泰里","","school/115_elementary_zones.pdf"
"115","國小","三重區","光榮國小","基本學區","長元里","","school/115_elementary_zones.pdf"
"115","國小","三重區","光榮國小","自由學區","瑞德里","自由學區","school/115_elementary_zones.pdf"
"115","國小","三重區","光榮國小","自由學區","秀江里","(4-7、14、15鄰)；自由學區","school/115_elementary_zones.pdf"
"115","國小","三重區","五華國小","基本學區","富貴里","","school/115_elementary_zones.pdf"
"115","國小","三重區","五華國小","基本學區","富華里","","school/115_elementary_zones.pdf"
"115","國小","三重區","五華國小","基本學區","五華里","","school/115_elementary_zones.pdf"
"115","國小","三重區","五華國小","基本學區","仁忠里","","school/115_elementary_zones.pdf"
"115","國小","三重區","五華國小","基本學區","五常里","","school/115_elementary_zones.pdf"
"115","國小","三重區","五華國小","基本學區","五福里","","school/115_elementary_zones.pdf"
"115","國小","三重區","五華國小","基本學區","五順里","","school/115_elementary_zones.pdf"
"115","國小","三重區","修德國小","基本學區","幸福里","","school/115_elementary_zones.pdf"
"115","國小","三重區","修德國小","基本學區","重陽里","","school/115_elementary_zones.pdf"
"115","國小","三重區","修德國小","基本學區","國隆里","","school/115_elementary_zones.pdf"
"115","國小","三重區","修德國小","基本學區","民生里","","school/115_elementary_zones.pdf"
"115","國小","三重區","修德國小","基本學區","安慶里","(7-16鄰)","school/115_elementary_zones.pdf"
"115","國小","三重區","修德國小","自由學區","中山里","自由學區","school/115_elementary_zones.pdf"
"115","國小","三重區","修德國小","自由學區","自強里","自由學區","school/115_elementary_zones.pdf"
"115","國小","三重區","修德國小","自由學區","錦田里","自由學區","school/115_elementary_zones.pdf"
"115","國小","三重區","修德國小","自由學區","六合里","(11-25鄰)；自由學區","school/115_elementary_zones.pdf"
"115","國小","三重區","修德國小","自由學區","過田里","自由學區","school/115_elementary_zones.pdf"
"115","國小","三重區","修德國小","自由學區","安慶里","自由學區","school/115_elementary_zones.pdf"
"115","國小","三重區","光興國小","基本學區","仁德里","","school/115_elementary_zones.pdf"
"115","國小","三重區","光興國小","基本學區","光榮里","","school/115_elementary_zones.pdf"
"115","國小","三重區","光興國小","基本學區","光輝里","","school/115_elementary_zones.pdf"
"115","國小","三重區","光興國小","基本學區","福星里","","school/115_elementary_zones.pdf"
"115","國小","三重區","光興國小","基本學區","福利里","","school/115_elementary_zones.pdf"
"115","國小","三重區","光興國小","基本學區","永興里","","school/115_elementary_zones.pdf"
"115","國小","三重區","光興國小","基本學區","清和里","","school/115_elementary_zones.pdf"
"115","國小","三重區","光興國小","基本學區","忠孝里","","school/115_elementary_zones.pdf"
"115","國小","三重區","光興國小","基本學區","仁義里","","school/115_elementary_zones.pdf"
"115","國小","三重區","光興國小","基本學區","同慶里","","school/115_elementary_zones.pdf"
"115","國小","三重區","光興國小","自由學區","光正里","自由學區","school/115_elementary_zones.pdf"
"115","國小","三重區","光興國小","自由學區","中正里","自由學區","school/115_elementary_zones.pdf"
"115","國小","三重區","三光國小","基本學區","同安里","","school/115_elementary_zones.pdf"
"115","國小","三重區","三光國小","基本學區","大同里","","school/115_elementary_zones.pdf"
"115","國小","三重區","三光國小","基本學區","平和里","","school/115_elementary_zones.pdf"
"115","國小","三重區","三光國小","基本學區","中民里","","school/115_elementary_zones.pdf"
"115","國小","三重區","三光國小","基本學區","大安里","","school/115_elementary_zones.pdf"
"115","國小","三重區","三光國小","基本學區","吉利里","","school/115_elementary_zones.pdf"
"115","國小","三重區","三光國小","基本學區","光明里","(1-3鄰)","school/115_elementary_zones.pdf"
"115","國小","三重區","三光國小","自由學區","菜寮里","自由學區","school/115_elementary_zones.pdf"
"115","國小","三重區","三光國小","自由學區","永春里","自由學區","school/115_elementary_zones.pdf"
"115","國小","三重區","三光國小","自由學區","光正里","自由學區","school/115_elementary_zones.pdf"
"115","國小","三重區","三光國小","自由學區","中正里","自由學區","school/115_elementary_zones.pdf"
"115","國小","三重區","集美國小","基本學區","成功里","","school/115_elementary_zones.pdf"
"115","國小","三重區","集美國小","基本學區","福德里","","school/115_elementary_zones.pdf"
"115","國小","三重區","集美國小","基本學區","福民里","","school/115_elementary_zones.pdf"
"115","國小","三重區","集美國小","基本學區","光明里","(4-30鄰)","school/115_elementary_zones.pdf"
"115","國小","三重區","集美國小","基本學區","重明里","","school/115_elementary_zones.pdf"
"115","國小","三重區","集美國小","基本學區","福祉里","","school/115_elementary_zones.pdf"
"115","國小","三重區","集美國小","自由學區","過田里","自由學區","school/115_elementary_zones.pdf"
"115","國小","三重區","集美國小","自由學區","菜寮里","自由學區","school/115_elementary_zones.pdf"
"115","國小","三重區","集美國小","自由學區","永春里","自由學區","school/115_elementary_zones.pdf"
"115","國小","三重區","集美國小","自由學區","光正里","自由學區","school/115_elementary_zones.pdf"
"115","國小","三重區","集美國小","自由學區","中正里","自由學區","school/115_elementary_zones.pdf"
"115","國小","蘆洲區","成功國小","基本學區","成功里","","school/115_elementary_zones.pdf"
"115","國小","蘆洲區","成功國小","基本學區","忠義里","","school/115_elementary_zones.pdf"
"115","國小","蘆洲區","成功國小","基本學區","長安里","","school/115_elementary_zones.pdf"
"115","國小","蘆洲區","成功國小","基本學區","延平里","","school/115_elementary_zones.pdf"
"115","國小","蘆洲區","成功國小","基本學區","九芎里","","school/115_elementary_zones.pdf"
"115","國小","蘆洲區","成功國小","基本學區","永康里","","school/115_elementary_zones.pdf"
"115","國小","蘆洲區","成功國小","基本學區","永德里","","school/115_elementary_zones.pdf"
"115","國小","蘆洲區","成功國小","自由學區","永安里","自由學區","school/115_elementary_zones.pdf"
"115","國小","蘆洲區","成功國小","自由學區","永樂里","(20-27鄰)；自由學區","school/115_elementary_zones.pdf"
"115","國小","蘆洲區","成功國小","自由學區","正義里","(7、15-17鄰)；自由學區","school/115_elementary_zones.pdf"
"115","國小","蘆洲區","蘆洲國小","基本學區","中原里","(9-24鄰)","school/115_elementary_zones.pdf"
"115","國小","蘆洲區","蘆洲國小","基本學區","光明里","(15鄰除外)；含除外條件，依原文整里估算","school/115_elementary_zones.pdf"
"115","國小","蘆洲區","蘆洲國小","基本學區","保和里","","school/115_elementary_zones.pdf"
"115","國小","蘆洲區","蘆洲國小","基本學區","仁復里","","school/115_elementary_zones.pdf"
"115","國小","蘆洲區","蘆洲國小","基本學區","得勝里","","school/115_elementary_zones.pdf"
"115","國小","蘆洲區","蘆洲國小","基本學區","光華里","","school/115_elementary_zones.pdf"
"115","國小","蘆洲區","蘆洲國小","基本學區","中華里","","school/115_elementary_zones.pdf"
"115","國小","蘆洲區","蘆洲國小","基本學區","中路里","","school/115_elementary_zones.pdf"
"115","國小","蘆洲區","蘆洲國小","基本學區","得仁里","","school/115_elementary_zones.pdf"
"115","國小","蘆洲區","蘆洲國小","基本學區","樹德里","","school/115_elementary_zones.pdf"
"115","國小","蘆洲區","蘆洲國小","基本學區","民和里","","school/115_elementary_zones.pdf"
"115","國小","蘆洲區","蘆洲國小","自由學區","永安里","自由學區","school/115_elementary_zones.pdf"
"115","國小","蘆洲區","蘆洲國小","自由學區","溪墘里","(13-15鄰)；自由學區","school/115_elementary_zones.pdf"
"115","國小","蘆洲區","蘆洲國小","自由學區","保佑里","自由學區","school/115_elementary_zones.pdf"
"115","國小","蘆洲區","蘆洲國小","自由學區","光明里","(15鄰)；自由學區","school/115_elementary_zones.pdf"
"115","國小","蘆洲區","鷺江國小","基本學區","樓厝里","","school/115_elementary_zones.pdf"
"115","國小","蘆洲區","鷺江國小","基本學區","玉清里","","school/115_elementary_zones.pdf"
"115","國小","蘆洲區","鷺江國小","基本學區","信義里","","school/115_elementary_zones.pdf"
"115","國小","蘆洲區","鷺江國小","基本學區","福安里","","school/115_elementary_zones.pdf"
"115","國小","蘆洲區","鷺江國小","基本學區","仁德里","","school/115_elementary_zones.pdf"
"115","國小","蘆洲區","鷺江國小","基本學區","仁義里","","school/115_elementary_zones.pdf"
"115","國小","蘆洲區","鷺江國小","基本學區","恆德里","","school/115_elementary_zones.pdf"
"115","國小","蘆洲區","鷺江國小","基本學區","鷺江里","","school/115_elementary_zones.pdf"
"115","國小","蘆洲區","鷺江國小","基本學區","溪墘里","(1-12鄰)","school/115_elementary_zones.pdf"
"115","國小","蘆洲區","鷺江國小","自由學區","溪墘里","(13-15鄰)；自由學區","school/115_elementary_zones.pdf"
"115","國小","蘆洲區","仁愛國小","基本學區","保新里","(1-8鄰)","school/115_elementary_zones.pdf"
"115","國小","蘆洲區","仁愛國小","基本學區","水河里","","school/115_elementary_zones.pdf"
"115","國小","蘆洲區","仁愛國小","基本學區","水湳里","","school/115_elementary_zones.pdf"
"115","國小","蘆洲區","仁愛國小","基本學區","忠孝里","","school/115_elementary_zones.pdf"
"115","國小","蘆洲區","仁愛國小","基本學區","仁愛里","","school/115_elementary_zones.pdf"
"115","國小","蘆洲區","仁愛國小","基本學區","復興里","","school/115_elementary_zones.pdf"
"115","國小","蘆洲區","忠義國小","基本學區","南港里","","school/115_elementary_zones.pdf"
"115","國小","蘆洲區","忠義國小","基本學區","永樂里","(1-19鄰)；含除外條件，依原文整里估算","school/115_elementary_zones.pdf"
"115","國小","蘆洲區","忠義國小","基本學區","正義里","(除7、15-17鄰)；含除外條件，依原文整里估算","school/115_elementary_zones.pdf"
"115","國小","蘆洲區","忠義國小","基本學區","中原里","(1-8、25-29鄰)","school/115_elementary_zones.pdf"
"115","國小","蘆洲區","忠義國小","基本學區","保新里","(9-12鄰)","school/115_elementary_zones.pdf"
"115","國小","蘆洲區","忠義國小","自由學區","保佑里","自由學區","school/115_elementary_zones.pdf"
"115","國小","蘆洲區","忠義國小","自由學區","光明里","(15鄰)；自由學區","school/115_elementary_zones.pdf"
"115","國小","蘆洲區","忠義國小","自由學區","永樂里","(20-27鄰)；自由學區","school/115_elementary_zones.pdf"
"115","國小","蘆洲區","忠義國小","自由學區","正義里","(7、15-17鄰)；自由學區","school/115_elementary_zones.pdf"
"115","國小","新莊區","新莊國小","基本學區","立人里","","school/115_elementary_zones.pdf"
"115","國小","新莊區","新莊國小","基本學區","思源里","(1、4、20鄰)","school/115_elementary_zones.pdf"
"115","國小","新莊區","新莊國小","基本學區","文衡里","(1、4-8、10-16鄰)","school/115_elementary_zones.pdf"
"115","國小","新莊區","新莊國小","基本學區","文聖里","(2-17鄰)","school/115_elementary_zones.pdf"
"115","國小","新莊區","新莊國小","基本學區","興漢里","","school/115_elementary_zones.pdf"
"115","國小","新莊區","新莊國小","基本學區","榮和里","","school/115_elementary_zones.pdf"
"115","國小","新莊區","新莊國小","基本學區","文德里","","school/115_elementary_zones.pdf"
"115","國小","新莊區","新莊國小","基本學區","文明里","","school/115_elementary_zones.pdf"
"115","國小","新莊區","新莊國小","基本學區","恆安里","","school/115_elementary_zones.pdf"
"115","國小","新莊區","新莊國小","基本學區","立德里","(1-8鄰)","school/115_elementary_zones.pdf"
"115","國小","新莊區","新莊國小","自由學區","中美里","自由學區","school/115_elementary_zones.pdf"
"115","國小","新莊區","新莊國小","自由學區","思賢里","(2鄰)；自由學區","school/115_elementary_zones.pdf"
"115","國小","新莊區","新莊國小","自由學區","思源里","(3、19鄰)；自由學區","school/115_elementary_zones.pdf"
"115","國小","新莊區","新莊國小","自由學區","文衡里","(2-3、9鄰)；自由學區","school/115_elementary_zones.pdf"
"115","國小","新莊區","新莊國小","自由學區","文聖里","(1、18-29鄰)；自由學區","school/115_elementary_zones.pdf"
"115","國小","新莊區","中港國小","基本學區","中泰里","","school/115_elementary_zones.pdf"
"115","國小","新莊區","中港國小","基本學區","立志里","","school/115_elementary_zones.pdf"
"115","國小","新莊區","中港國小","基本學區","立基里","","school/115_elementary_zones.pdf"
"115","國小","新莊區","中港國小","基本學區","立廷里","(16、19-40鄰除外)；含除外條件，依原文整里估算","school/115_elementary_zones.pdf"
"115","國小","新莊區","中港國小","基本學區","中宏里","","school/115_elementary_zones.pdf"
"115","國小","新莊區","中港國小","基本學區","中全里","","school/115_elementary_zones.pdf"
"115","國小","新莊區","中港國小","基本學區","立功里","","school/115_elementary_zones.pdf"
"115","國小","新莊區","中港國小","基本學區","中和里","","school/115_elementary_zones.pdf"
"115","國小","新莊區","中港國小","基本學區","中港里","(8-10鄰)","school/115_elementary_zones.pdf"
"115","國小","新莊區","中港國小","基本學區","中誠里","(1-4、6-15鄰)","school/115_elementary_zones.pdf"
"115","國小","新莊區","中港國小","自由學區","中港里","(11-14、21-25鄰)","school/115_elementary_zones.pdf"
"115","國小","新莊區","中港國小","自由學區","中誠里","(5鄰)","school/115_elementary_zones.pdf"
"115","國小","新莊區","榮富國小","基本學區","中信里","","school/115_elementary_zones.pdf"
"115","國小","新莊區","榮富國小","基本學區","中平里","","school/115_elementary_zones.pdf"
"115","國小","新莊區","榮富國小","基本學區","中港里","(1-7、15-20、26-28鄰)","school/115_elementary_zones.pdf"
"115","國小","新莊區","榮富國小","自由學區","中港里","(11-14、21-25鄰、中誠里5鄰)；自由學區","school/115_elementary_zones.pdf"
"115","國小","新莊區","榮富國小","自由學區","中誠里","自由學區","school/115_elementary_zones.pdf"
"115","國小","新莊區","榮富國小","自由學區","中隆里","(1-20鄰)；自由學區","school/115_elementary_zones.pdf"
"115","國小","新莊區","榮富國小","自由學區","立廷里","(16、19-40鄰)；自由學區","school/115_elementary_zones.pdf"
"115","國小","新莊區","中信國小","基本學區","中原里","","school/115_elementary_zones.pdf"
"115","國小","新莊區","中信國小","基本學區","中隆里","(21-27鄰)","school/115_elementary_zones.pdf"
"115","國小","新莊區","中信國小","自由學區","中隆里","(1-20鄰)","school/115_elementary_zones.pdf"
"115","國小","新莊區","中信國小","自由學區","立廷里","(16、19-40鄰)","school/115_elementary_zones.pdf"
"115","國小","新莊區","思賢國小","基本學區","仁義里","","school/115_elementary_zones.pdf"
"115","國小","新莊區","思賢國小","基本學區","自信里","","school/115_elementary_zones.pdf"
"115","國小","新莊區","思賢國小","基本學區","思源里","(2、5-18、21-22鄰)；含除外條件，依原文整里估算","school/115_elementary_zones.pdf"
"115","國小","新莊區","思賢國小","基本學區","思賢里","(2鄰除外)；含除外條件，依原文整里估算","school/115_elementary_zones.pdf"
"115","國小","新莊區","思賢國小","基本學區","仁愛里","","school/115_elementary_zones.pdf"
"115","國小","新莊區","思賢國小","基本學區","自強里","","school/115_elementary_zones.pdf"
"115","國小","新莊區","思賢國小","基本學區","自立里","","school/115_elementary_zones.pdf"
"115","國小","新莊區","思賢國小","基本學區","中華里","","school/115_elementary_zones.pdf"
"115","國小","新莊區","思賢國小","自由學區","中美里","自由學區","school/115_elementary_zones.pdf"
"115","國小","新莊區","思賢國小","自由學區","思賢里","(2鄰)；自由學區","school/115_elementary_zones.pdf"
"115","國小","新莊區","思賢國小","自由學區","思源里","(3、19鄰)；自由學區","school/115_elementary_zones.pdf"
"115","國小","新莊區","昌隆國小","基本學區","昌明里","(1-4、9-11、14、16-17鄰)","school/115_elementary_zones.pdf"
"115","國小","新莊區","昌隆國小","基本學區","昌信里","(1-3、7鄰)","school/115_elementary_zones.pdf"
"115","國小","新莊區","昌隆國小","基本學區","和平里","","school/115_elementary_zones.pdf"
"115","國小","新莊區","昌隆國小","基本學區","信義里","","school/115_elementary_zones.pdf"
"115","國小","新莊區","昌隆國小","基本學區","昌隆里","","school/115_elementary_zones.pdf"
"115","國小","新莊區","昌隆國小","基本學區","幸福里","","school/115_elementary_zones.pdf"
"115","國小","新莊區","昌隆國小","自由學區","昌明里","(5-8、12、13、15、18鄰)","school/115_elementary_zones.pdf"
"115","國小","新莊區","昌隆國小","自由學區","昌信里","(4-6鄰)","school/115_elementary_zones.pdf"
"115","國小","新莊區","昌隆國小","自由學區","和平里","","school/115_elementary_zones.pdf"
"115","國小","新莊區","昌平國小","基本學區","昌平里","(8-21鄰)","school/115_elementary_zones.pdf"
"115","國小","新莊區","昌平國小","基本學區","昌信里","(8-17鄰)","school/115_elementary_zones.pdf"
"115","國小","新莊區","昌平國小","自由學區","昌明里","(5-8、12、13、15、18鄰)；自由學區","school/115_elementary_zones.pdf"
"115","國小","新莊區","昌平國小","自由學區","昌信里","(4-6鄰)；自由學區","school/115_elementary_zones.pdf"
"115","國小","新莊區","昌平國小","自由學區","昌平里","(1-7鄰)；自由學區","school/115_elementary_zones.pdf"
"115","國小","新莊區","昌平國小","自由學區","和平里","自由學區","school/115_elementary_zones.pdf"
"115","國小","新莊區","興化國小","基本學區","福基里","(10-17鄰)","school/115_elementary_zones.pdf"
"115","國小","新莊區","興化國小","基本學區","福興里","","school/115_elementary_zones.pdf"
"115","國小","新莊區","興化國小","自由學區","昌平里","(1-7鄰)；自由學區","school/115_elementary_zones.pdf"
"115","國小","新莊區","頭前國小","基本學區","化成里","","school/115_elementary_zones.pdf"
"115","國小","新莊區","頭前國小","基本學區","頭前里","","school/115_elementary_zones.pdf"
"115","國小","新莊區","頭前國小","基本學區","福基里","(1-9鄰)","school/115_elementary_zones.pdf"
"115","國小","新莊區","國泰國小","基本學區","忠孝里","(1-6、11、12、14、15、18、20、22、25、26鄰)","school/115_elementary_zones.pdf"
"115","國小","新莊區","國泰國小","基本學區","國泰里","(10鄰)","school/115_elementary_zones.pdf"
"115","國小","新莊區","國泰國小","基本學區","海山里","(19-24鄰)","school/115_elementary_zones.pdf"
"115","國小","新莊區","國泰國小","基本學區","福營里","","school/115_elementary_zones.pdf"
"115","國小","新莊區","國泰國小","基本學區","營盤里","","school/115_elementary_zones.pdf"
"115","國小","新莊區","新泰國小","基本學區","立德里","(9-17鄰)","school/115_elementary_zones.pdf"
"115","國小","新莊區","新泰國小","基本學區","全泰里","","school/115_elementary_zones.pdf"
"115","國小","新莊區","新泰國小","基本學區","立言里","","school/115_elementary_zones.pdf"
"115","國小","新莊區","新泰國小","基本學區","立泰里","","school/115_elementary_zones.pdf"
"115","國小","新莊區","新泰國小","基本學區","忠孝里","(7-10、13、16、17、19、21、23、24、27-29鄰)","school/115_elementary_zones.pdf"
"115","國小","新莊區","新泰國小","自由學區","文聖里","(1、18-29鄰)","school/115_elementary_zones.pdf"
"115","國小","新莊區","裕民國小","基本學區","四維里","(16-18鄰)","school/115_elementary_zones.pdf"
"115","國小","新莊區","裕民國小","基本學區","裕民里","","school/115_elementary_zones.pdf"
"115","國小","新莊區","裕民國小","基本學區","萬安里","","school/115_elementary_zones.pdf"
"115","國小","新莊區","裕民國小","基本學區","龍安里","","school/115_elementary_zones.pdf"
"115","國小","新莊區","裕民國小","基本學區","南港里","","school/115_elementary_zones.pdf"
"115","國小","新莊區","裕民國小","基本學區","富國里","","school/115_elementary_zones.pdf"
"115","國小","新莊區","裕民國小","自由學區","龍鳳里","自由學區","school/115_elementary_zones.pdf"
"115","國小","新莊區","裕民國小","自由學區","龍福里","自由學區","school/115_elementary_zones.pdf"
"115","國小","新莊區","裕民國小","自由學區","富民里","自由學區","school/115_elementary_zones.pdf"
"115","國小","新莊區","裕民國小","自由學區","四維里","(19-22鄰)；自由學區","school/115_elementary_zones.pdf"
"115","國小","新莊區","丹鳳國小","基本學區","丹鳳里","","school/115_elementary_zones.pdf"
"115","國小","新莊區","丹鳳國小","基本學區","合鳳里","","school/115_elementary_zones.pdf"
"115","國小","新莊區","丹鳳國小","基本學區","祥鳳里","","school/115_elementary_zones.pdf"
"115","國小","新莊區","丹鳳國小","基本學區","雙鳳里","","school/115_elementary_zones.pdf"
"115","國小","新莊區","丹鳳國小","自由學區","龍鳳里","","school/115_elementary_zones.pdf"
"115","國小","新莊區","丹鳳國小","自由學區","龍福里","","school/115_elementary_zones.pdf"
"115","國小","新莊區","丹鳳國小","自由學區","富民里","","school/115_elementary_zones.pdf"
"115","國小","新莊區","民安國小","基本學區","民安里","(1-16、19-22鄰)","school/115_elementary_zones.pdf"
"115","國小","新莊區","民安國小","基本學區","四維里","(1-15鄰)","school/115_elementary_zones.pdf"
"115","國小","新莊區","民安國小","基本學區","成德里","(1-4、9-11鄰)","school/115_elementary_zones.pdf"
"115","國小","新莊區","民安國小","基本學區","後港里","","school/115_elementary_zones.pdf"
"115","國小","新莊區","民安國小","基本學區","八德里","","school/115_elementary_zones.pdf"
"115","國小","新莊區","民安國小","基本學區","民有里","(1、10-14、16、17鄰)","school/115_elementary_zones.pdf"
"115","國小","新莊區","民安國小","基本學區","後德里","","school/115_elementary_zones.pdf"
"115","國小","新莊區","民安國小","基本學區","建福里","","school/115_elementary_zones.pdf"
"115","國小","新莊區","民安國小","基本學區","民全里","","school/115_elementary_zones.pdf"
"115","國小","新莊區","民安國小","基本學區","民本里","","school/115_elementary_zones.pdf"
"115","國小","新莊區","民安國小","基本學區","西盛里","(1-5、19、22鄰)","school/115_elementary_zones.pdf"
"115","國小","新莊區","民安國小","基本學區","建安里","(1-32鄰)","school/115_elementary_zones.pdf"
"115","國小","新莊區","民安國小","自由學區","瓊林里","(13-20鄰)；自由學區","school/115_elementary_zones.pdf"
"115","國小","新莊區","民安國小","自由學區","建安里","(33、34鄰)；自由學區","school/115_elementary_zones.pdf"
"115","國小","新莊區","民安國小","自由學區","成德里","(5-8、12-23鄰)；自由學區","school/115_elementary_zones.pdf"
"115","國小","新莊區","民安國小","自由學區","民有里","(2-9、15、18-20鄰)；自由學區","school/115_elementary_zones.pdf"
"115","國小","新莊區","民安國小","自由學區","民安里","(28、29鄰)；自由學區","school/115_elementary_zones.pdf"
"115","國小","新莊區","民安國小","自由學區","富民里","自由學區","school/115_elementary_zones.pdf"
"115","國小","新莊區","豐年國小","基本學區","全安里","","school/115_elementary_zones.pdf"
"115","國小","新莊區","豐年國小","基本學區","瓊林里","(1-12鄰)","school/115_elementary_zones.pdf"
"115","國小","新莊區","豐年國小","基本學區","海山里","(1-18鄰)","school/115_elementary_zones.pdf"
"115","國小","新莊區","豐年國小","基本學區","國泰里","(1-9、11-16鄰)","school/115_elementary_zones.pdf"
"115","國小","新莊區","豐年國小","基本學區","豐年里","","school/115_elementary_zones.pdf"
"115","國小","新莊區","豐年國小","基本學區","泰豐里","","school/115_elementary_zones.pdf"
"115","國小","新莊區","豐年國小","自由學區","瓊林里","(13-20鄰)","school/115_elementary_zones.pdf"
"115","國小","新莊區","豐年國小","自由學區","建安里","(33、34鄰)","school/115_elementary_zones.pdf"
"115","國小","新莊區","豐年國小","自由學區","文衡里","(2、3、9鄰)","school/115_elementary_zones.pdf"
"115","國小","新莊區","光華國小","基本學區","光華里","","school/115_elementary_zones.pdf"
"115","國小","新莊區","光華國小","基本學區","光明里","","school/115_elementary_zones.pdf"
"115","國小","新莊區","光華國小","基本學區","民安里","(17、18、23-27、30-33鄰)","school/115_elementary_zones.pdf"
"115","國小","新莊區","光華國小","基本學區","光和里","","school/115_elementary_zones.pdf"
"115","國小","新莊區","光華國小","基本學區","光正里","","school/115_elementary_zones.pdf"
"115","國小","新莊區","光華國小","基本學區","光榮里","","school/115_elementary_zones.pdf"
"115","國小","新莊區","光華國小","基本學區","西盛里","(6-11、13、20、21、23、24鄰)","school/115_elementary_zones.pdf"
"115","國小","新莊區","光華國小","自由學區","成德里","(5-8、12-23鄰)；自由學區","school/115_elementary_zones.pdf"
"115","國小","新莊區","光華國小","自由學區","民有里","(2-9、15、18-20鄰)；自由學區","school/115_elementary_zones.pdf"
"115","國小","新莊區","光華國小","自由學區","民安里","(28、29鄰)；自由學區","school/115_elementary_zones.pdf"
"115","國小","新莊區","光華國小","自由學區","西盛里","(12鄰)；自由學區","school/115_elementary_zones.pdf"
"115","國小","新莊區","光華國小","自由學區","四維里","(19-22鄰)；自由學區","school/115_elementary_zones.pdf"
"115","國小","泰山區","泰山國小","基本學區","大科里","(1-6、9-12鄰)","school/115_elementary_zones.pdf"
"115","國小","泰山區","泰山國小","基本學區","黎明里","","school/115_elementary_zones.pdf"
"115","國小","泰山區","泰山國小","基本學區","山腳里","","school/115_elementary_zones.pdf"
"115","國小","泰山區","泰山國小","基本學區","福泰里","","school/115_elementary_zones.pdf"
"115","國小","泰山區","泰山國小","基本學區","楓樹里","","school/115_elementary_zones.pdf"
"115","國小","泰山區","泰山國小","基本學區","福興里","(1-18鄰)","school/115_elementary_zones.pdf"
"115","國小","泰山區","泰山國小","自由學區","全興里","(1-7鄰)；自由學區","school/115_elementary_zones.pdf"
"115","國小","泰山區","泰山國小","自由學區","同興里","(1-12鄰)；自由學區","school/115_elementary_zones.pdf"
"115","國小","泰山區","泰山國小","自由學區","同榮里","(1-16、30鄰)；自由學區","school/115_elementary_zones.pdf"
"115","國小","泰山區","泰山國小","自由學區","福興里","(19-25鄰)；自由學區","school/115_elementary_zones.pdf"
"115","國小","泰山區","泰山國小","自由學區","大科里","(7-8鄰)；自由學區","school/115_elementary_zones.pdf"
"115","國小","泰山區","泰山國小","自由學區","黎明里","自由學區","school/115_elementary_zones.pdf"
"115","國小","泰山區","明志國小","基本學區","明志里","","school/115_elementary_zones.pdf"
"115","國小","泰山區","明志國小","基本學區","新明里","","school/115_elementary_zones.pdf"
"115","國小","泰山區","明志國小","基本學區","泰友里","","school/115_elementary_zones.pdf"
"115","國小","泰山區","明志國小","基本學區","貴子里","","school/115_elementary_zones.pdf"
"115","國小","泰山區","明志國小","基本學區","貴和里","(1-32、39-42鄰)","school/115_elementary_zones.pdf"
"115","國小","泰山區","明志國小","基本學區","貴賢里","(1-8、15-27鄰)","school/115_elementary_zones.pdf"
"115","國小","泰山區","明志國小","基本學區","大科里","(13-16鄰)","school/115_elementary_zones.pdf"
"115","國小","泰山區","明志國小","自由學區","義仁里","(21-29鄰)；自由學區","school/115_elementary_zones.pdf"
"115","國小","泰山區","明志國小","自由學區","貴和里","(33-38鄰)；自由學區","school/115_elementary_zones.pdf"
"115","國小","泰山區","明志國小","自由學區","貴賢里","(9-14鄰)；自由學區","school/115_elementary_zones.pdf"
"115","國小","泰山區","同榮國小","基本學區","同榮里","(17-29鄰)","school/115_elementary_zones.pdf"
"115","國小","泰山區","同榮國小","基本學區","義學里","","school/115_elementary_zones.pdf"
"115","國小","泰山區","同榮國小","自由學區","全興里","(1-7鄰)；自由學區","school/115_elementary_zones.pdf"
"115","國小","泰山區","同榮國小","自由學區","同興里","(1-12鄰)；自由學區","school/115_elementary_zones.pdf"
"115","國小","泰山區","同榮國小","自由學區","同榮里","(1-16、30鄰)；自由學區","school/115_elementary_zones.pdf"
"115","國小","泰山區","義學國小","基本學區","義仁里","(1-20鄰)","school/115_elementary_zones.pdf"
"115","國小","泰山區","義學國小","基本學區","全興里","(8-25鄰)","school/115_elementary_zones.pdf"
"115","國小","泰山區","義學國小","自由學區","全興里","(1-7鄰)；自由學區","school/115_elementary_zones.pdf"
"115","國小","泰山區","義學國小","自由學區","同興里","(1-12鄰)；自由學區","school/115_elementary_zones.pdf"
"115","國小","泰山區","義學國小","自由學區","福興里","(19-25鄰)；自由學區","school/115_elementary_zones.pdf"
"115","國小","泰山區","義學國小","自由學區","義仁里","(21-29鄰)；自由學區","school/115_elementary_zones.pdf"
"115","國小","五股區","五股國小","基本學區","五龍里","","school/115_elementary_zones.pdf"
"115","國小","五股區","五股國小","基本學區","陸一里","","school/115_elementary_zones.pdf"
"115","國小","五股區","五股國小","基本學區","五股里","","school/115_elementary_zones.pdf"
"115","國小","五股區","五股國小","基本學區","民義里","","school/115_elementary_zones.pdf"
"115","國小","五股區","五股國小","基本學區","六福里","","school/115_elementary_zones.pdf"
"115","國小","五股區","五股國小","基本學區","五福里","","school/115_elementary_zones.pdf"
"115","國小","五股區","五股國小","基本學區","更寮里","","school/115_elementary_zones.pdf"
"115","國小","五股區","五股國小","自由學區","德音里","(1-22鄰)；自由學區","school/115_elementary_zones.pdf"
"115","國小","五股區","五股國小","自由學區","成功里","自由學區","school/115_elementary_zones.pdf"
"115","國小","五股區","五股國小","自由學區","成泰里","自由學區","school/115_elementary_zones.pdf"
"115","國小","五股區","德音國小","基本學區","德音里","(23-30鄰)","school/115_elementary_zones.pdf"
"115","國小","五股區","德音國小","基本學區","水碓里","","school/115_elementary_zones.pdf"
"115","國小","五股區","德音國小","基本學區","德泰里","","school/115_elementary_zones.pdf"
"115","國小","五股區","德音國小","基本學區","福德里","","school/115_elementary_zones.pdf"
"115","國小","五股區","德音國小","基本學區","貿商里","","school/115_elementary_zones.pdf"
"115","國小","五股區","德音國小","自由學區","德音里","(1-22鄰)；自由學區","school/115_elementary_zones.pdf"
"115","國小","五股區","成州國小","基本學區","觀音里","","school/115_elementary_zones.pdf"
"115","國小","五股區","成州國小","基本學區","集福里","","school/115_elementary_zones.pdf"
"115","國小","五股區","成州國小","基本學區","集賢里","","school/115_elementary_zones.pdf"
"115","國小","五股區","成州國小","基本學區","成州里","","school/115_elementary_zones.pdf"
"115","國小","五股區","成州國小","基本學區","成德里","","school/115_elementary_zones.pdf"
"115","國小","五股區","成州國小","自由學區","成功里","自由學區","school/115_elementary_zones.pdf"
"115","國小","五股區","成州國小","自由學區","成泰里","自由學區","school/115_elementary_zones.pdf"
"115","國小","五股區","更寮國小","基本學區","更寮里","","school/115_elementary_zones.pdf"
"115","國小","五股區","更寮國小","基本學區","興珍里","(1-32鄰、38-40鄰)","school/115_elementary_zones.pdf"
"115","國小","五股區","更寮國小","自由學區","興珍里","(33-37鄰)","school/115_elementary_zones.pdf"
"115","國小","八里區","八里國小","基本學區","頂罟里","(8-13鄰)","school/115_elementary_zones.pdf"
"115","國小","八里區","八里國小","基本學區","舊城里","","school/115_elementary_zones.pdf"
"115","國小","八里區","八里國小","基本學區","訊塘里","","school/115_elementary_zones.pdf"
"115","國小","八里區","八里國小","基本學區","荖阡里","","school/115_elementary_zones.pdf"
"115","國小","八里區","八里國小","自由學區","下罟里","自由學區","school/115_elementary_zones.pdf"
"115","國小","八里區","長坑國小","基本學區","長坑里","","school/115_elementary_zones.pdf"
"115","國小","八里區","長坑國小","自由學區","下罟里","自由學區","school/115_elementary_zones.pdf"
"115","國小","八里區","米倉國小","基本學區","龍源里","","school/115_elementary_zones.pdf"
"115","國小","八里區","米倉國小","基本學區","米倉里","(1-20鄰)","school/115_elementary_zones.pdf"
"115","國小","八里區","大崁國小","基本學區","米倉里","(21-24鄰)","school/115_elementary_zones.pdf"
"115","國小","八里區","大崁國小","基本學區","大崁里","","school/115_elementary_zones.pdf"
"115","國小","八里區","大崁國小","基本學區","埤頭里","","school/115_elementary_zones.pdf"
"115","國小","八里區","大崁國小","基本學區","頂罟里","(1-7鄰)","school/115_elementary_zones.pdf"
"115","國小","林口區","林口國小","基本學區","東林里","","school/115_elementary_zones.pdf"
"115","國小","林口區","林口國小","基本學區","林口里","","school/115_elementary_zones.pdf"
"115","國小","林口區","林口國小","基本學區","中湖里","","school/115_elementary_zones.pdf"
"115","國小","林口區","林口國小","基本學區","湖北里","","school/115_elementary_zones.pdf"
"115","國小","林口區","林口國小","基本學區","菁湖里","","school/115_elementary_zones.pdf"
"115","國小","林口區","林口國小","基本學區","西林里","(1-10、12-13鄰、26鄰)","school/115_elementary_zones.pdf"
"115","國小","林口區","林口國小","自由學區","瑞平里","(1-4鄰)；自由學區","school/115_elementary_zones.pdf"
"115","國小","林口區","林口國小","自由學區","太平里","(1-5鄰)；自由學區","school/115_elementary_zones.pdf"
"115","國小","林口區","林口國小","自由學區","西林里","自由學區","school/115_elementary_zones.pdf"
"115","國小","林口區","麗園國小","基本學區","東勢里","","school/115_elementary_zones.pdf"
"115","國小","林口區","麗園國小","基本學區","麗園里","","school/115_elementary_zones.pdf"
"115","國小","林口區","麗園國小","自由學區","西林里","自由學區","school/115_elementary_zones.pdf"
"115","國小","林口區","麗園國小","自由學區","仁愛里","(13-28鄰)；自由學區","school/115_elementary_zones.pdf"
"115","國小","林口區","麗林國小","基本學區","麗林里","","school/115_elementary_zones.pdf"
"115","國小","林口區","麗林國小","基本學區","仁愛里","(13-28鄰除外)；含除外條件，依原文整里估算","school/115_elementary_zones.pdf"
"115","國小","林口區","麗林國小","自由學區","仁愛里","(13-28鄰)；自由學區","school/115_elementary_zones.pdf"
"115","國小","林口區","南勢國小","基本學區","南勢里","(1~16鄰)","school/115_elementary_zones.pdf"
"115","國小","林口區","南勢國小","基本學區","頂福里","(1-4、13-14、16-17、19-20鄰)","school/115_elementary_zones.pdf"
"115","國小","林口區","南勢國小","自由學區","頂福里","(7、18鄰)；自由學區","school/115_elementary_zones.pdf"
"115","國小","林口區","興福國小","基本學區","下福里","","school/115_elementary_zones.pdf"
"115","國小","林口區","興福國小","基本學區","嘉寶里","(6-7鄰)","school/115_elementary_zones.pdf"
"115","國小","林口區","興福國小","基本學區","頂福里","(8-12、15鄰)","school/115_elementary_zones.pdf"
"115","國小","林口區","嘉寶國小","基本學區","嘉寶里","(6、7鄰除外)；含除外條件，依原文整里估算","school/115_elementary_zones.pdf"
"115","國小","林口區","嘉寶國小","基本學區","頂福里","(5-6鄰)","school/115_elementary_zones.pdf"
"115","國小","林口區","嘉寶國小","自由學區","頂福里","(7、18鄰)；自由學區","school/115_elementary_zones.pdf"
"115","國小","林口區","瑞平國小","基本學區","瑞平里","(5-10鄰)","school/115_elementary_zones.pdf"
"115","國小","林口區","瑞平國小","基本學區","太平里","(6-15鄰)","school/115_elementary_zones.pdf"
"115","國小","林口區","瑞平國小","自由學區","瑞平里","(1-4鄰)","school/115_elementary_zones.pdf"
"115","國小","林口區","瑞平國小","自由學區","太平里","(1-5鄰)","school/115_elementary_zones.pdf"
"115","國小","林口區","頭湖國小","基本學區","湖南里","","school/115_elementary_zones.pdf"
"115","國小","林口區","頭湖國小","自由學區","湖南里","自由學區","school/115_elementary_zones.pdf"
"115","國小","林口區","東湖國小","基本學區","西林里","(11、14-25、36-37鄰)","school/115_elementary_zones.pdf"
"115","國小","林口區","東湖國小","自由學區","西林里","(27-35鄰)；自由學區","school/115_elementary_zones.pdf"
"115","國小","林口區","東湖國小","自由學區","湖南里","(18-22鄰)；自由學區","school/115_elementary_zones.pdf"
"115","國中","板橋區","板橋國中","基本學區","國光里","","school/115_junior_high_zones.pdf"
"115","國中","板橋區","板橋國中","基本學區","自強里","","school/115_junior_high_zones.pdf"
"115","國中","板橋區","板橋國中","基本學區","建國里","含除外條件，依原文整里估算","school/115_junior_high_zones.pdf"
"115","國中","板橋區","板橋國中","基本學區","自立里","含除外條件，依原文整里估算","school/115_junior_high_zones.pdf"
"115","國中","板橋區","板橋國中","基本學區","光華里","(除1-11鄰)；含除外條件，依原文整里估算","school/115_junior_high_zones.pdf"
"115","國中","板橋區","板橋國中","基本學區","光榮里","","school/115_junior_high_zones.pdf"
"115","國中","板橋區","板橋國中","基本學區","港尾里","","school/115_junior_high_zones.pdf"
"115","國中","板橋區","板橋國中","基本學區","中正里","","school/115_junior_high_zones.pdf"
"115","國中","板橋區","板橋國中","基本學區","香社里","","school/115_junior_high_zones.pdf"
"115","國中","板橋區","板橋國中","基本學區","香雅里","含除外條件，依原文整里估算","school/115_junior_high_zones.pdf"
"115","國中","板橋區","板橋國中","基本學區","社後里","含除外條件，依原文整里估算","school/115_junior_high_zones.pdf"
"115","國中","板橋區","板橋國中","基本學區","港德里","(除7、10、14、16、20、24-29鄰)；含除外條件，依原文整里估算","school/115_junior_high_zones.pdf"
"115","國中","板橋區","板橋國中","基本學區","金華里","(1-6、11、17、22、23鄰)","school/115_junior_high_zones.pdf"
"115","國中","板橋區","板橋國中","自由學區","港德里","(7、10、14、16、20、24-29鄰)；自由學區","school/115_junior_high_zones.pdf"
"115","國中","板橋區","板橋國中","自由學區","新生里","自由學區","school/115_junior_high_zones.pdf"
"115","國中","板橋區","板橋國中","自由學區","民權里","自由學區","school/115_junior_high_zones.pdf"
"115","國中","板橋區","板橋國中","自由學區","湳興里","(1-5、22鄰)；自由學區","school/115_junior_high_zones.pdf"
"115","國中","板橋區","板橋國中","自由學區","光華里","(1-11鄰)；自由學區","school/115_junior_high_zones.pdf"
"115","國中","板橋區","中山國中","基本學區","民安里","","school/115_junior_high_zones.pdf"
"115","國中","板橋區","中山國中","基本學區","廣新里","","school/115_junior_high_zones.pdf"
"115","國中","板橋區","中山國中","基本學區","玉光里","","school/115_junior_high_zones.pdf"
"115","國中","板橋區","中山國中","基本學區","光仁里","","school/115_junior_high_zones.pdf"
"115","國中","板橋區","中山國中","基本學區","新民里","","school/115_junior_high_zones.pdf"
"115","國中","板橋區","中山國中","基本學區","西安里","","school/115_junior_high_zones.pdf"
"115","國中","板橋區","中山國中","基本學區","漢生里","","school/115_junior_high_zones.pdf"
"115","國中","板橋區","中山國中","基本學區","百壽里","","school/115_junior_high_zones.pdf"
"115","國中","板橋區","中山國中","基本學區","介壽里","","school/115_junior_high_zones.pdf"
"115","國中","板橋區","中山國中","自由學區","香丘里","自由學區","school/115_junior_high_zones.pdf"
"115","國中","板橋區","中山國中","自由學區","忠誠里","自由學區","school/115_junior_high_zones.pdf"
"115","國中","板橋區","中山國中","自由學區","公舘里","自由學區","school/115_junior_high_zones.pdf"
"115","國中","板橋區","中山國中","自由學區","華江里","自由學區","school/115_junior_high_zones.pdf"
"115","國中","板橋區","中山國中","自由學區","莊敬里","自由學區","school/115_junior_high_zones.pdf"
"115","國中","板橋區","中山國中","自由學區","埤墘里","自由學區","school/115_junior_high_zones.pdf"
"115","國中","板橋區","中山國中","自由學區","永安里","自由學區","school/115_junior_high_zones.pdf"
"115","國中","板橋區","中山國中","自由學區","民權里","自由學區","school/115_junior_high_zones.pdf"
"115","國中","板橋區","中山國中","自由學區","黃石里","自由學區","school/115_junior_high_zones.pdf"
"115","國中","板橋區","中山國中","自由學區","挹秀里","自由學區","school/115_junior_high_zones.pdf"
"115","國中","板橋區","中山國中","自由學區","赤松里","含除外條件，依原文整里估算；自由學區","school/115_junior_high_zones.pdf"
"115","國中","板橋區","中山國中","自由學區","流芳里","含除外條件，依原文整里估算；自由學區","school/115_junior_high_zones.pdf"
"115","國中","板橋區","中山國中","自由學區","留侯里","(除7、9鄰外)；含除外條件，依原文整里估算；自由學區","school/115_junior_high_zones.pdf"
"115","國中","板橋區","中山國中","自由學區","雙玉里","自由學區","school/115_junior_high_zones.pdf"
"115","國中","板橋區","新埔國中","基本學區","幸福里","","school/115_junior_high_zones.pdf"
"115","國中","板橋區","新埔國中","基本學區","文德里","","school/115_junior_high_zones.pdf"
"115","國中","板橋區","新埔國中","基本學區","新翠里","","school/115_junior_high_zones.pdf"
"115","國中","板橋區","新埔國中","基本學區","朝陽里","","school/115_junior_high_zones.pdf"
"115","國中","板橋區","新埔國中","基本學區","吉翠里","","school/115_junior_high_zones.pdf"
"115","國中","板橋區","新埔國中","基本學區","德翠里","","school/115_junior_high_zones.pdf"
"115","國中","板橋區","新埔國中","基本學區","新海里","","school/115_junior_high_zones.pdf"
"115","國中","板橋區","新埔國中","基本學區","新埔里","","school/115_junior_high_zones.pdf"
"115","國中","板橋區","新埔國中","基本學區","滿翠里","","school/115_junior_high_zones.pdf"
"115","國中","板橋區","新埔國中","基本學區","明翠里","","school/115_junior_high_zones.pdf"
"115","國中","板橋區","新埔國中","基本學區","陽明里","","school/115_junior_high_zones.pdf"
"115","國中","板橋區","新埔國中","基本學區","宏翠里","","school/115_junior_high_zones.pdf"
"115","國中","板橋區","新埔國中","基本學區","仁翠里","","school/115_junior_high_zones.pdf"
"115","國中","板橋區","新埔國中","基本學區","金華里","(7-10、12-16、18-21鄰)","school/115_junior_high_zones.pdf"
"115","國中","板橋區","新埔國中","自由學區","港德里","(7、10、14、16、20、24-29鄰)；自由學區","school/115_junior_high_zones.pdf"
"115","國中","板橋區","新埔國中","自由學區","新生里","自由學區","school/115_junior_high_zones.pdf"
"115","國中","板橋區","新埔國中","自由學區","忠誠里","自由學區","school/115_junior_high_zones.pdf"
"115","國中","板橋區","新埔國中","自由學區","公舘里","自由學區","school/115_junior_high_zones.pdf"
"115","國中","板橋區","新埔國中","自由學區","中山里","自由學區","school/115_junior_high_zones.pdf"
"115","國中","板橋區","江翠國中","基本學區","嵐翠里","","school/115_junior_high_zones.pdf"
"115","國中","板橋區","江翠國中","基本學區","文聖里","","school/115_junior_high_zones.pdf"
"115","國中","板橋區","江翠國中","基本學區","華翠里","","school/115_junior_high_zones.pdf"
"115","國中","板橋區","江翠國中","基本學區","莒光里","","school/115_junior_high_zones.pdf"
"115","國中","板橋區","江翠國中","基本學區","松翠里","","school/115_junior_high_zones.pdf"
"115","國中","板橋區","江翠國中","基本學區","聯翠里","","school/115_junior_high_zones.pdf"
"115","國中","板橋區","江翠國中","基本學區","文化里","","school/115_junior_high_zones.pdf"
"115","國中","板橋區","江翠國中","基本學區","江翠里","","school/115_junior_high_zones.pdf"
"115","國中","板橋區","江翠國中","基本學區","純翠里","","school/115_junior_high_zones.pdf"
"115","國中","板橋區","江翠國中","基本學區","溪頭里","","school/115_junior_high_zones.pdf"
"115","國中","板橋區","江翠國中","基本學區","柏翠里","","school/115_junior_high_zones.pdf"
"115","國中","板橋區","江翠國中","基本學區","青翠里","","school/115_junior_high_zones.pdf"
"115","國中","板橋區","江翠國中","基本學區","懷翠里","","school/115_junior_high_zones.pdf"
"115","國中","板橋區","江翠國中","基本學區","忠翠里","","school/115_junior_high_zones.pdf"
"115","國中","板橋區","江翠國中","基本學區","松柏里","","school/115_junior_high_zones.pdf"
"115","國中","板橋區","江翠國中","基本學區","文翠里","","school/115_junior_high_zones.pdf"
"115","國中","板橋區","江翠國中","自由學區","龍翠里","自由學區","school/115_junior_high_zones.pdf"
"115","國中","板橋區","江翠國中","自由學區","華江里","自由學區","school/115_junior_high_zones.pdf"
"115","國中","板橋區","江翠國中","自由學區","莊敬里","自由學區","school/115_junior_high_zones.pdf"
"115","國中","板橋區","江翠國中","自由學區","埤墘里","自由學區","school/115_junior_high_zones.pdf"
"115","國中","板橋區","江翠國中","自由學區","永安里","自由學區","school/115_junior_high_zones.pdf"
"115","國中","板橋區","海山高中國中部","基本學區","福祿里","","school/115_junior_high_zones.pdf"
"115","國中","板橋區","海山高中國中部","基本學區","民族里","","school/115_junior_high_zones.pdf"
"115","國中","板橋區","海山高中國中部","基本學區","海山里","","school/115_junior_high_zones.pdf"
"115","國中","板橋區","海山高中國中部","基本學區","東丘里","","school/115_junior_high_zones.pdf"
"115","國中","板橋區","海山高中國中部","基本學區","民生里","","school/115_junior_high_zones.pdf"
"115","國中","板橋區","海山高中國中部","基本學區","長安里","","school/115_junior_high_zones.pdf"
"115","國中","板橋區","海山高中國中部","基本學區","東安里","","school/115_junior_high_zones.pdf"
"115","國中","板橋區","海山高中國中部","基本學區","深丘里","","school/115_junior_high_zones.pdf"
"115","國中","板橋區","海山高中國中部","基本學區","國泰里","(7-15鄰)","school/115_junior_high_zones.pdf"
"115","國中","板橋區","海山高中國中部","基本學區","福丘里","","school/115_junior_high_zones.pdf"
"115","國中","板橋區","海山高中國中部","自由學區","香丘里","自由學區","school/115_junior_high_zones.pdf"
"115","國中","板橋區","海山高中國中部","自由學區","九如里","自由學區","school/115_junior_high_zones.pdf"
"115","國中","板橋區","海山高中國中部","自由學區","正泰里","自由學區","school/115_junior_high_zones.pdf"
"115","國中","板橋區","海山高中國中部","自由學區","雙玉里","自由學區","school/115_junior_high_zones.pdf"
"115","國中","板橋區","光復高中國中部","基本學區","港嘴里","","school/115_junior_high_zones.pdf"
"115","國中","板橋區","光復高中國中部","基本學區","振義里","","school/115_junior_high_zones.pdf"
"115","國中","板橋區","光復高中國中部","基本學區","振興里","","school/115_junior_high_zones.pdf"
"115","國中","板橋區","光復高中國中部","基本學區","光復里","","school/115_junior_high_zones.pdf"
"115","國中","板橋區","光復高中國中部","基本學區","埔墘里","","school/115_junior_high_zones.pdf"
"115","國中","板橋區","光復高中國中部","基本學區","富貴里","","school/115_junior_high_zones.pdf"
"115","國中","板橋區","光復高中國中部","基本學區","長壽里","","school/115_junior_high_zones.pdf"
"115","國中","板橋區","光復高中國中部","基本學區","居仁里","","school/115_junior_high_zones.pdf"
"115","國中","板橋區","光復高中國中部","基本學區","福壽里","","school/115_junior_high_zones.pdf"
"115","國中","板橋區","光復高中國中部","基本學區","福翠里","","school/115_junior_high_zones.pdf"
"115","國中","板橋區","光復高中國中部","自由學區","九如里","自由學區","school/115_junior_high_zones.pdf"
"115","國中","板橋區","光復高中國中部","自由學區","正泰里","自由學區","school/115_junior_high_zones.pdf"
"115","國中","板橋區","光復高中國中部","自由學區","龍翠里","自由學區","school/115_junior_high_zones.pdf"
"115","國中","板橋區","光復高中國中部","自由學區","雙玉里","自由學區","school/115_junior_high_zones.pdf"
"115","國中","板橋區","重慶國中","基本學區","仁愛里","","school/115_junior_high_zones.pdf"
"115","國中","板橋區","重慶國中","基本學區","和平里","","school/115_junior_high_zones.pdf"
"115","國中","板橋區","重慶國中","基本學區","廣德里","","school/115_junior_high_zones.pdf"
"115","國中","板橋區","重慶國中","基本學區","重慶里","","school/115_junior_high_zones.pdf"
"115","國中","板橋區","重慶國中","基本學區","大豐里","","school/115_junior_high_zones.pdf"
"115","國中","板橋區","重慶國中","基本學區","廣福里","","school/115_junior_high_zones.pdf"
"115","國中","板橋區","重慶國中","基本學區","五權里","","school/115_junior_high_zones.pdf"
"115","國中","板橋區","重慶國中","基本學區","華德里","含除外條件，依原文整里估算","school/115_junior_high_zones.pdf"
"115","國中","板橋區","重慶國中","基本學區","信義里","含除外條件，依原文整里估算","school/115_junior_high_zones.pdf"
"115","國中","板橋區","重慶國中","基本學區","華東里","(除1-6、19-21鄰)；含除外條件，依原文整里估算","school/115_junior_high_zones.pdf"
"115","國中","板橋區","重慶國中","自由學區","鄉雲里","自由學區","school/115_junior_high_zones.pdf"
"115","國中","板橋區","忠孝國中","基本學區","華貴里","","school/115_junior_high_zones.pdf"
"115","國中","板橋區","忠孝國中","基本學區","華福里","","school/115_junior_high_zones.pdf"
"115","國中","板橋區","忠孝國中","基本學區","華興里","","school/115_junior_high_zones.pdf"
"115","國中","板橋區","忠孝國中","基本學區","景星里","","school/115_junior_high_zones.pdf"
"115","國中","板橋區","忠孝國中","基本學區","新興里","","school/115_junior_high_zones.pdf"
"115","國中","板橋區","忠孝國中","基本學區","後埔里","","school/115_junior_high_zones.pdf"
"115","國中","板橋區","忠孝國中","基本學區","福星里","","school/115_junior_high_zones.pdf"
"115","國中","板橋區","忠孝國中","基本學區","福德里","","school/115_junior_high_zones.pdf"
"115","國中","板橋區","忠孝國中","基本學區","國泰里","(1-6鄰)","school/115_junior_high_zones.pdf"
"115","國中","板橋區","忠孝國中","基本學區","華東里","(1-6、19-21鄰)","school/115_junior_high_zones.pdf"
"115","國中","板橋區","忠孝國中","自由學區","鄉雲里","自由學區","school/115_junior_high_zones.pdf"
"115","國中","板橋區","忠孝國中","自由學區","黃石里","自由學區","school/115_junior_high_zones.pdf"
"115","國中","板橋區","忠孝國中","自由學區","挹秀里","自由學區","school/115_junior_high_zones.pdf"
"115","國中","板橋區","忠孝國中","自由學區","赤松里","含除外條件，依原文整里估算；自由學區","school/115_junior_high_zones.pdf"
"115","國中","板橋區","忠孝國中","自由學區","流芳里","含除外條件，依原文整里估算；自由學區","school/115_junior_high_zones.pdf"
"115","國中","板橋區","忠孝國中","自由學區","留侯里","(除7、9鄰外)；含除外條件，依原文整里估算；自由學區","school/115_junior_high_zones.pdf"
"115","國中","板橋區","忠孝國中","自由學區","中山里","自由學區","school/115_junior_high_zones.pdf"
"115","國中","板橋區","忠孝國中","自由學區","湳興里","(6-21、23-25鄰)；自由學區","school/115_junior_high_zones.pdf"
"115","國中","板橋區","大觀國中","基本學區","華中里","","school/115_junior_high_zones.pdf"
"115","國中","板橋區","大觀國中","基本學區","大觀里","","school/115_junior_high_zones.pdf"
"115","國中","板橋區","大觀國中","基本學區","歡園里","","school/115_junior_high_zones.pdf"
"115","國中","板橋區","大觀國中","基本學區","浮洲里","","school/115_junior_high_zones.pdf"
"115","國中","板橋區","大觀國中","基本學區","僑中里","","school/115_junior_high_zones.pdf"
"115","國中","板橋區","大觀國中","基本學區","中山里","","school/115_junior_high_zones.pdf"
"115","國中","板橋區","大觀國中","基本學區","復興里","","school/115_junior_high_zones.pdf"
"115","國中","板橋區","大觀國中","基本學區","大安里","","school/115_junior_high_zones.pdf"
"115","國中","板橋區","大觀國中","基本學區","福安里","","school/115_junior_high_zones.pdf"
"115","國中","板橋區","大觀國中","基本學區","聚安里","","school/115_junior_high_zones.pdf"
"115","國中","板橋區","大觀國中","基本學區","龍安里","","school/115_junior_high_zones.pdf"
"115","國中","板橋區","大觀國中","自由學區","光華里","(1-11鄰)；自由學區","school/115_junior_high_zones.pdf"
"115","國中","板橋區","大觀國中","自由學區","湳興里","(1-5、22鄰)；自由學區","school/115_junior_high_zones.pdf"
"115","國中","板橋區","大觀國中","自由學區","留侯里","(7、9鄰)；自由學區","school/115_junior_high_zones.pdf"
"115","國中","板橋區","大觀國中","自由學區","中山里","自由學區","school/115_junior_high_zones.pdf"
"115","國中","板橋區","溪崑國中","基本學區","溪北里","","school/115_junior_high_zones.pdf"
"115","國中","板橋區","溪崑國中","基本學區","崑崙里","","school/115_junior_high_zones.pdf"
"115","國中","板橋區","溪崑國中","基本學區","成和里","","school/115_junior_high_zones.pdf"
"115","國中","板橋區","溪崑國中","基本學區","堂春里","","school/115_junior_high_zones.pdf"
"115","國中","板橋區","溪崑國中","自由學區","溪福里","自由學區","school/115_junior_high_zones.pdf"
"115","國中","土城區","土城國中","基本學區","祖田里","","school/115_junior_high_zones.pdf"
"115","國中","土城區","土城國中","基本學區","頂新里","","school/115_junior_high_zones.pdf"
"115","國中","土城區","土城國中","基本學區","頂福里","","school/115_junior_high_zones.pdf"
"115","國中","土城區","土城國中","基本學區","沛陂里","","school/115_junior_high_zones.pdf"
"115","國中","土城區","土城國中","基本學區","永寧里","","school/115_junior_high_zones.pdf"
"115","國中","土城區","土城國中","基本學區","大安里","","school/115_junior_high_zones.pdf"
"115","國中","土城區","土城國中","基本學區","長風里","","school/115_junior_high_zones.pdf"
"115","國中","土城區","土城國中","基本學區","員仁里","","school/115_junior_high_zones.pdf"
"115","國中","土城區","土城國中","基本學區","員信里","","school/115_junior_high_zones.pdf"
"115","國中","土城區","土城國中","基本學區","員福里","","school/115_junior_high_zones.pdf"
"115","國中","土城區","土城國中","基本學區","土城里","","school/115_junior_high_zones.pdf"
"115","國中","土城區","土城國中","基本學區","頂埔里","","school/115_junior_high_zones.pdf"
"115","國中","土城區","土城國中","基本學區","埤塘里","(3-9、12、14、16-17鄰)","school/115_junior_high_zones.pdf"
"115","國中","土城區","土城國中","自由學區","日新里","","school/115_junior_high_zones.pdf"
"115","國中","土城區","土城國中","自由學區","日和里","","school/115_junior_high_zones.pdf"
"115","國中","土城區","土城國中","自由學區","貨饒里","","school/115_junior_high_zones.pdf"
"115","國中","土城區","土城國中","自由學區","裕生里","","school/115_junior_high_zones.pdf"
"115","國中","土城區","土城國中","自由學區","員林里","","school/115_junior_high_zones.pdf"
"115","國中","土城區","清水高中國中部","基本學區","清和里","","school/115_junior_high_zones.pdf"
"115","國中","土城區","清水高中國中部","基本學區","永豐里","","school/115_junior_high_zones.pdf"
"115","國中","土城區","清水高中國中部","基本學區","永富里","","school/115_junior_high_zones.pdf"
"115","國中","土城區","清水高中國中部","基本學區","清化里","","school/115_junior_high_zones.pdf"
"115","國中","土城區","清水高中國中部","基本學區","廷寮里","","school/115_junior_high_zones.pdf"
"115","國中","土城區","清水高中國中部","基本學區","延和里","","school/115_junior_high_zones.pdf"
"115","國中","土城區","清水高中國中部","基本學區","清水里","","school/115_junior_high_zones.pdf"
"115","國中","土城區","清水高中國中部","基本學區","青雲里","(1鄰)","school/115_junior_high_zones.pdf"
"115","國中","土城區","清水高中國中部","基本學區","青山里","","school/115_junior_high_zones.pdf"
"115","國中","土城區","清水高中國中部","基本學區","金城里","","school/115_junior_high_zones.pdf"
"115","國中","土城區","清水高中國中部","自由學區","清溪里","(1-4、11-43、46-53鄰)；自由學區","school/115_junior_high_zones.pdf"
"115","國中","土城區","清水高中國中部","自由學區","平和里","自由學區","school/115_junior_high_zones.pdf"
"115","國中","土城區","清水高中國中部","自由學區","延壽里","自由學區","school/115_junior_high_zones.pdf"
"115","國中","土城區","清水高中國中部","自由學區","延祿里","自由學區","school/115_junior_high_zones.pdf"
"115","國中","土城區","清水高中國中部","自由學區","延吉里","自由學區","school/115_junior_high_zones.pdf"
"115","國中","土城區","清水高中國中部","自由學區","安和里","自由學區","school/115_junior_high_zones.pdf"
"115","國中","土城區","中正國中","基本學區","清溪里","(5-10、44-45鄰)","school/115_junior_high_zones.pdf"
"115","國中","土城區","中正國中","基本學區","柑林里","","school/115_junior_high_zones.pdf"
"115","國中","土城區","中正國中","基本學區","埤林里","","school/115_junior_high_zones.pdf"
"115","國中","土城區","中正國中","基本學區","學成里","","school/115_junior_high_zones.pdf"
"115","國中","土城區","中正國中","基本學區","廣福里","","school/115_junior_high_zones.pdf"
"115","國中","土城區","中正國中","基本學區","樂利里","","school/115_junior_high_zones.pdf"
"115","國中","土城區","中正國中","基本學區","學府里","","school/115_junior_high_zones.pdf"
"115","國中","土城區","中正國中","基本學區","瑞興里","","school/115_junior_high_zones.pdf"
"115","國中","土城區","中正國中","基本學區","復興里","","school/115_junior_high_zones.pdf"
"115","國中","土城區","中正國中","基本學區","青雲里","(2-21鄰)","school/115_junior_high_zones.pdf"
"115","國中","土城區","中正國中","基本學區","學士里","","school/115_junior_high_zones.pdf"
"115","國中","土城區","中正國中","基本學區","中正里","","school/115_junior_high_zones.pdf"
"115","國中","土城區","中正國中","基本學區","明德里","","school/115_junior_high_zones.pdf"
"115","國中","土城區","中正國中","基本學區","廣興里","","school/115_junior_high_zones.pdf"
"115","國中","土城區","中正國中","基本學區","埤塘里","(1-2、10-11、13、15鄰)","school/115_junior_high_zones.pdf"
"115","國中","土城區","中正國中","自由學區","清溪里","(1-4、11-43、46-53鄰)；自由學區","school/115_junior_high_zones.pdf"
"115","國中","土城區","中正國中","自由學區","中正里","自由學區","school/115_junior_high_zones.pdf"
"115","國中","土城區","中正國中","自由學區","日新里","自由學區","school/115_junior_high_zones.pdf"
"115","國中","土城區","中正國中","自由學區","日和里","自由學區","school/115_junior_high_zones.pdf"
"115","國中","土城區","中正國中","自由學區","貨饒里","自由學區","school/115_junior_high_zones.pdf"
"115","國中","土城區","中正國中","自由學區","裕生里","自由學區","school/115_junior_high_zones.pdf"
"115","國中","土城區","中正國中","自由學區","員林里","自由學區","school/115_junior_high_zones.pdf"
"115","國中","樹林區","樹林高中國中部","基本學區","樹東里","","school/115_junior_high_zones.pdf"
"115","國中","樹林區","樹林高中國中部","基本學區","樹北里","","school/115_junior_high_zones.pdf"
"115","國中","樹林區","樹林高中國中部","基本學區","彭福里","","school/115_junior_high_zones.pdf"
"115","國中","樹林區","樹林高中國中部","基本學區","彭興里","","school/115_junior_high_zones.pdf"
"115","國中","樹林區","樹林高中國中部","基本學區","彭厝里","","school/115_junior_high_zones.pdf"
"115","國中","樹林區","樹林高中國中部","基本學區","中華里","","school/115_junior_high_zones.pdf"
"115","國中","樹林區","樹林高中國中部","基本學區","太順里","","school/115_junior_high_zones.pdf"
"115","國中","樹林區","樹林高中國中部","基本學區","大同里","","school/115_junior_high_zones.pdf"
"115","國中","樹林區","樹林高中國中部","基本學區","和平里","","school/115_junior_high_zones.pdf"
"115","國中","樹林區","樹林高中國中部","基本學區","東山里","","school/115_junior_high_zones.pdf"
"115","國中","樹林區","樹林高中國中部","基本學區","東陽里","","school/115_junior_high_zones.pdf"
"115","國中","樹林區","樹林高中國中部","基本學區","東昇里","(9-16鄰)","school/115_junior_high_zones.pdf"
"115","國中","樹林區","樹林高中國中部","自由學區","樹德里","自由學區","school/115_junior_high_zones.pdf"
"115","國中","樹林區","樹林高中國中部","自由學區","樹福里","自由學區","school/115_junior_high_zones.pdf"
"115","國中","樹林區","樹林高中國中部","自由學區","樂山里","自由學區","school/115_junior_high_zones.pdf"
"115","國中","樹林區","樹林高中國中部","自由學區","山佳里","自由學區","school/115_junior_high_zones.pdf"
"115","國中","樹林區","樹林高中國中部","自由學區","中山里","自由學區","school/115_junior_high_zones.pdf"
"115","國中","樹林區","育林國中","基本學區","坡內里","","school/115_junior_high_zones.pdf"
"115","國中","樹林區","育林國中","基本學區","樹西里","","school/115_junior_high_zones.pdf"
"115","國中","樹林區","育林國中","基本學區","育英里","","school/115_junior_high_zones.pdf"
"115","國中","樹林區","育林國中","基本學區","樹人里","","school/115_junior_high_zones.pdf"
"115","國中","樹林區","育林國中","基本學區","樹興里","","school/115_junior_high_zones.pdf"
"115","國中","樹林區","育林國中","基本學區","樹南里","","school/115_junior_high_zones.pdf"
"115","國中","樹林區","育林國中","基本學區","東昇里","(1-8、17-28鄰)","school/115_junior_high_zones.pdf"
"115","國中","樹林區","育林國中","自由學區","樹德里","自由學區","school/115_junior_high_zones.pdf"
"115","國中","樹林區","育林國中","自由學區","樹福里","自由學區","school/115_junior_high_zones.pdf"
"115","國中","樹林區","柑園國中","基本學區","柑園里","(1-7、9-12鄰)","school/115_junior_high_zones.pdf"
"115","國中","樹林區","柑園國中","基本學區","北園里","","school/115_junior_high_zones.pdf"
"115","國中","樹林區","柑園國中","基本學區","西園里","","school/115_junior_high_zones.pdf"
"115","國中","樹林區","柑園國中","基本學區","東園里","","school/115_junior_high_zones.pdf"
"115","國中","樹林區","柑園國中","自由學區","樂山里","自由學區","school/115_junior_high_zones.pdf"
"115","國中","樹林區","柑園國中","自由學區","山佳里","自由學區","school/115_junior_high_zones.pdf"
"115","國中","樹林區","柑園國中","自由學區","中山里","自由學區","school/115_junior_high_zones.pdf"
"115","國中","樹林區","柑園國中","自由學區","南園里","(1、3-4、7鄰)；自由學區","school/115_junior_high_zones.pdf"
"115","國中","樹林區","桃子腳國中小國中部","基本學區","南園里","(2、5-6、8-52鄰)","school/115_junior_high_zones.pdf"
"115","國中","樹林區","桃子腳國中小國中部","基本學區","柑園里","(8、13-37鄰)","school/115_junior_high_zones.pdf"
"115","國中","樹林區","桃子腳國中小國中部","自由學區","南園里","(1、3-4、7鄰)；自由學區","school/115_junior_high_zones.pdf"
"115","國中","樹林區","三多國中","基本學區","三興里","","school/115_junior_high_zones.pdf"
"115","國中","樹林區","三多國中","基本學區","三福里","","school/115_junior_high_zones.pdf"
"115","國中","樹林區","三多國中","基本學區","三龍里","","school/115_junior_high_zones.pdf"
"115","國中","樹林區","三多國中","基本學區","三多里","","school/115_junior_high_zones.pdf"
"115","國中","樹林區","三多國中","基本學區","圳生里","","school/115_junior_high_zones.pdf"
"115","國中","樹林區","三多國中","基本學區","金寮里","","school/115_junior_high_zones.pdf"
"115","國中","樹林區","三多國中","基本學區","光興里","","school/115_junior_high_zones.pdf"
"115","國中","樹林區","三多國中","自由學區","圳安里","","school/115_junior_high_zones.pdf"
"115","國中","樹林區","三多國中","自由學區","圳民里","","school/115_junior_high_zones.pdf"
"115","國中","樹林區","三多國中","自由學區","潭底里","(1-13鄰、33鄰)","school/115_junior_high_zones.pdf"
"115","國中","鶯歌區","鶯歌國中","基本學區","建德里","","school/115_junior_high_zones.pdf"
"115","國中","鶯歌區","鶯歌國中","基本學區","北鶯里","","school/115_junior_high_zones.pdf"
"115","國中","鶯歌區","鶯歌國中","基本學區","西鶯里","","school/115_junior_high_zones.pdf"
"115","國中","鶯歌區","鶯歌國中","基本學區","南鶯里","","school/115_junior_high_zones.pdf"
"115","國中","鶯歌區","鶯歌國中","基本學區","中鶯里","","school/115_junior_high_zones.pdf"
"115","國中","鶯歌區","鶯歌國中","基本學區","建國里","","school/115_junior_high_zones.pdf"
"115","國中","鶯歌區","鶯歌國中","基本學區","永昌里","","school/115_junior_high_zones.pdf"
"115","國中","鶯歌區","鶯歌國中","基本學區","同慶里","","school/115_junior_high_zones.pdf"
"115","國中","鶯歌區","鶯歌國中","基本學區","中湖里","(1-3、26-27鄰)","school/115_junior_high_zones.pdf"
"115","國中","鶯歌區","鶯歌國中","自由學區","尖山里","(2、13-14鄰)；自由學區","school/115_junior_high_zones.pdf"
"115","國中","鶯歌區","鶯歌國中","自由學區","東鶯里","自由學區","school/115_junior_high_zones.pdf"
"115","國中","鶯歌區","鶯歌國中","自由學區","南靖里","(1鄰)；自由學區","school/115_junior_high_zones.pdf"
"115","國中","鶯歌區","鶯歌國中","自由學區","中湖里","(4-16鄰)；自由學區","school/115_junior_high_zones.pdf"
"115","國中","鶯歌區","鶯歌國中","自由學區","東湖里","自由學區","school/115_junior_high_zones.pdf"
"115","國中","鶯歌區","鶯歌國中","自由學區","永吉里","自由學區","school/115_junior_high_zones.pdf"
"115","國中","鶯歌區","尖山國中","基本學區","南靖里","(2-8、12-15、17-19鄰)","school/115_junior_high_zones.pdf"
"115","國中","鶯歌區","尖山國中","基本學區","尖山里","(1、3-12、15-16鄰)","school/115_junior_high_zones.pdf"
"115","國中","鶯歌區","尖山國中","基本學區","二橋里","","school/115_junior_high_zones.pdf"
"115","國中","鶯歌區","尖山國中","基本學區","二甲里","","school/115_junior_high_zones.pdf"
"115","國中","鶯歌區","尖山國中","自由學區","尖山里","(2、13-14鄰)；自由學區","school/115_junior_high_zones.pdf"
"115","國中","鶯歌區","尖山國中","自由學區","東鶯里","自由學區","school/115_junior_high_zones.pdf"
"115","國中","鶯歌區","尖山國中","自由學區","南靖里","(1鄰)；自由學區","school/115_junior_high_zones.pdf"
"115","國中","鶯歌區","鳳鳴國中","基本學區","中湖里","(17-25鄰)","school/115_junior_high_zones.pdf"
"115","國中","鶯歌區","鳳鳴國中","基本學區","大湖里","","school/115_junior_high_zones.pdf"
"115","國中","鶯歌區","鳳鳴國中","基本學區","鳳鳴里","","school/115_junior_high_zones.pdf"
"115","國中","鶯歌區","鳳鳴國中","基本學區","鳳福里","","school/115_junior_high_zones.pdf"
"115","國中","鶯歌區","鳳鳴國中","基本學區","鳳祥里","","school/115_junior_high_zones.pdf"
"115","國中","鶯歌區","鳳鳴國中","自由學區","中湖里","(4-16鄰)；自由學區","school/115_junior_high_zones.pdf"
"115","國中","鶯歌區","鳳鳴國中","自由學區","東湖里","自由學區","school/115_junior_high_zones.pdf"
"115","國中","鶯歌區","鳳鳴國中","自由學區","永吉里","自由學區","school/115_junior_high_zones.pdf"
"115","國中","三峽區","三峽國中","基本學區","永舘里","","school/115_junior_high_zones.pdf"
"115","國中","三峽區","三峽國中","基本學區","龍埔里","(1-35鄰)","school/115_junior_high_zones.pdf"
"115","國中","三峽區","三峽國中","基本學區","秀川里","","school/115_junior_high_zones.pdf"
"115","國中","三峽區","三峽國中","基本學區","鳶山里","","school/115_junior_high_zones.pdf"
"115","國中","三峽區","三峽國中","基本學區","三峽里","","school/115_junior_high_zones.pdf"
"115","國中","三峽區","三峽國中","自由學區","龍恩里","自由學區","school/115_junior_high_zones.pdf"
"115","國中","三峽區","三峽國中","自由學區","龍埔里","(36鄰)；自由學區","school/115_junior_high_zones.pdf"
"115","國中","三峽區","三峽國中","自由學區","龍學里","(1-14、25、27-28、30-31鄰)；自由學區","school/115_junior_high_zones.pdf"
"115","國中","三峽區","三峽國中","自由學區","弘道里","自由學區","school/115_junior_high_zones.pdf"
"115","國中","三峽區","三峽國中","自由學區","八張里","自由學區","school/115_junior_high_zones.pdf"
"115","國中","三峽區","三峽國中","自由學區","中埔里","自由學區","school/115_junior_high_zones.pdf"
"115","國中","三峽區","三峽國中","自由學區","溪東里","自由學區","school/115_junior_high_zones.pdf"
"115","國中","三峽區","三峽國中","自由學區","大埔里","(1-5鄰)；自由學區","school/115_junior_high_zones.pdf"
"115","國中","三峽區","三峽國中","自由學區","溪南里","自由學區","school/115_junior_high_zones.pdf"
"115","國中","三峽區","三峽國中","自由學區","溪北里","自由學區","school/115_junior_high_zones.pdf"
"115","國中","三峽區","三峽國中","自由學區","成福里","自由學區","school/115_junior_high_zones.pdf"
"115","國中","三峽區","三峽國中","自由學區","竹崙里","自由學區","school/115_junior_high_zones.pdf"
"115","國中","三峽區","三峽國中","自由學區","安坑里","自由學區","school/115_junior_high_zones.pdf"
"115","國中","三峽區","樹林區桃子腳國中小國中部","基本學區","龍學里","(15鄰)","school/115_junior_high_zones.pdf"
"115","國中","三峽區","樹林區桃子腳國中小國中部","自由學區","龍恩里","自由學區","school/115_junior_high_zones.pdf"
"115","國中","三峽區","樹林區桃子腳國中小國中部","自由學區","龍埔里","(36鄰)；自由學區","school/115_junior_high_zones.pdf"
"115","國中","三峽區","樹林區桃子腳國中小國中部","自由學區","龍學里","(1-14、25、27-28、30-31鄰)；自由學區","school/115_junior_high_zones.pdf"
"115","國中","三峽區","明德高中國中部","基本學區","大埔里","(6-22鄰)","school/115_junior_high_zones.pdf"
"115","國中","三峽區","明德高中國中部","基本學區","金圳里","","school/115_junior_high_zones.pdf"
"115","國中","三峽區","明德高中國中部","基本學區","五寮里","","school/115_junior_high_zones.pdf"
"115","國中","三峽區","明德高中國中部","基本學區","插角里","","school/115_junior_high_zones.pdf"
"115","國中","三峽區","明德高中國中部","基本學區","有木里","","school/115_junior_high_zones.pdf"
"115","國中","三峽區","明德高中國中部","自由學區","弘道里","自由學區","school/115_junior_high_zones.pdf"
"115","國中","三峽區","明德高中國中部","自由學區","八張里","自由學區","school/115_junior_high_zones.pdf"
"115","國中","三峽區","明德高中國中部","自由學區","中埔里","自由學區","school/115_junior_high_zones.pdf"
"115","國中","三峽區","明德高中國中部","自由學區","溪東里","自由學區","school/115_junior_high_zones.pdf"
"115","國中","三峽區","明德高中國中部","自由學區","大埔里","(1-5鄰)；自由學區","school/115_junior_high_zones.pdf"
"115","國中","三峽區","明德高中國中部","自由學區","溪南里","自由學區","school/115_junior_high_zones.pdf"
"115","國中","三峽區","明德高中國中部","自由學區","溪北里","自由學區","school/115_junior_high_zones.pdf"
"115","國中","三峽區","明德高中國中部","自由學區","成福里","自由學區","school/115_junior_high_zones.pdf"
"115","國中","三峽區","明德高中國中部","自由學區","竹崙里","自由學區","school/115_junior_high_zones.pdf"
"115","國中","三峽區","明德高中國中部","自由學區","安坑里","自由學區","school/115_junior_high_zones.pdf"
"115","國中","三峽區","明德高中國中部","自由學區","嘉添里","自由學區","school/115_junior_high_zones.pdf"
"115","國中","三峽區","明德高中國中部","自由學區","添福里","自由學區","school/115_junior_high_zones.pdf"
"115","國中","三峽區","明德高中國中部","自由學區","二鬮里","自由學區","school/115_junior_high_zones.pdf"
"115","國中","三峽區","安溪國中","基本學區","礁溪里","","school/115_junior_high_zones.pdf"
"115","國中","三峽區","安溪國中","基本學區","介壽里","","school/115_junior_high_zones.pdf"
"115","國中","三峽區","安溪國中","基本學區","安溪里","","school/115_junior_high_zones.pdf"
"115","國中","三峽區","安溪國中","基本學區","中正里","","school/115_junior_high_zones.pdf"
"115","國中","三峽區","安溪國中","自由學區","弘道里","自由學區","school/115_junior_high_zones.pdf"
"115","國中","三峽區","安溪國中","自由學區","八張里","自由學區","school/115_junior_high_zones.pdf"
"115","國中","三峽區","安溪國中","自由學區","中埔里","自由學區","school/115_junior_high_zones.pdf"
"115","國中","三峽區","安溪國中","自由學區","溪東里","自由學區","school/115_junior_high_zones.pdf"
"115","國中","三峽區","安溪國中","自由學區","大埔里","(1-5鄰)；自由學區","school/115_junior_high_zones.pdf"
"115","國中","三峽區","安溪國中","自由學區","溪南里","自由學區","school/115_junior_high_zones.pdf"
"115","國中","三峽區","安溪國中","自由學區","溪北里","自由學區","school/115_junior_high_zones.pdf"
"115","國中","三峽區","安溪國中","自由學區","成福里","自由學區","school/115_junior_high_zones.pdf"
"115","國中","三峽區","安溪國中","自由學區","竹崙里","自由學區","school/115_junior_high_zones.pdf"
"115","國中","三峽區","安溪國中","自由學區","安坑里","自由學區","school/115_junior_high_zones.pdf"
"115","國中","三峽區","安溪國中","自由學區","嘉添里","自由學區","school/115_junior_high_zones.pdf"
"115","國中","三峽區","安溪國中","自由學區","添福里","自由學區","school/115_junior_high_zones.pdf"
"115","國中","三峽區","安溪國中","自由學區","二鬮里","自由學區","school/115_junior_high_zones.pdf"
"115","國中","三峽區","北大高中國中部","基本學區","龍學里","(16-24、26、29、32-43、45鄰)","school/115_junior_high_zones.pdf"
"115","國中","三峽區","北大高中國中部","自由學區","龍學里","(1-14、25、27-28、30-31鄰)","school/115_junior_high_zones.pdf"
"115","國中","中和區","中和國中","基本學區","橫路里","","school/115_junior_high_zones.pdf"
"115","國中","中和區","中和國中","基本學區","內南里","","school/115_junior_high_zones.pdf"
"115","國中","中和區","中和國中","基本學區","外南里","","school/115_junior_high_zones.pdf"
"115","國中","中和區","中和國中","基本學區","壽南里","","school/115_junior_high_zones.pdf"
"115","國中","中和區","中和國中","基本學區","福南里","","school/115_junior_high_zones.pdf"
"115","國中","中和區","中和國中","基本學區","華新里","","school/115_junior_high_zones.pdf"
"115","國中","中和區","中和國中","基本學區","華南里","","school/115_junior_high_zones.pdf"
"115","國中","中和區","中和國中","基本學區","東南里","","school/115_junior_high_zones.pdf"
"115","國中","中和區","中和國中","基本學區","忠孝里","","school/115_junior_high_zones.pdf"
"115","國中","中和區","中和國中","基本學區","崇南里","","school/115_junior_high_zones.pdf"
"115","國中","中和區","中和國中","基本學區","興南里","","school/115_junior_high_zones.pdf"
"115","國中","中和區","中和國中","基本學區","頂南里","","school/115_junior_high_zones.pdf"
"115","國中","中和區","中和國中","基本學區","正南里","","school/115_junior_high_zones.pdf"
"115","國中","中和區","中和國中","基本學區","景南里","","school/115_junior_high_zones.pdf"
"115","國中","中和區","中和國中","基本學區","景本里","","school/115_junior_high_zones.pdf"
"115","國中","中和區","中和國中","基本學區","景平里","","school/115_junior_high_zones.pdf"
"115","國中","中和區","中和國中","基本學區","景新里","","school/115_junior_high_zones.pdf"
"115","國中","中和區","中和國中","基本學區","景福里","","school/115_junior_high_zones.pdf"
"115","國中","中和區","中和國中","基本學區","吉興里","","school/115_junior_high_zones.pdf"
"115","國中","中和區","中和國中","基本學區","秀峰里","","school/115_junior_high_zones.pdf"
"115","國中","中和區","中和國中","基本學區","秀士里","","school/115_junior_high_zones.pdf"
"115","國中","中和區","中和國中","基本學區","秀山里","","school/115_junior_high_zones.pdf"
"115","國中","中和區","中和國中","基本學區","秀水里","","school/115_junior_high_zones.pdf"
"115","國中","中和區","中和國中","基本學區","秀成里","","school/115_junior_high_zones.pdf"
"115","國中","中和區","中和國中","基本學區","秀義里","","school/115_junior_high_zones.pdf"
"115","國中","中和區","中和國中","基本學區","秀福里","","school/115_junior_high_zones.pdf"
"115","國中","中和區","中和國中","基本學區","秀仁里","","school/115_junior_high_zones.pdf"
"115","國中","中和區","中和國中","基本學區","秀明里","","school/115_junior_high_zones.pdf"
"115","國中","中和區","中和國中","基本學區","秀景里","","school/115_junior_high_zones.pdf"
"115","國中","中和區","中和國中","自由學區","中興里","自由學區","school/115_junior_high_zones.pdf"
"115","國中","中和區","中和國中","自由學區","和興里","自由學區","school/115_junior_high_zones.pdf"
"115","國中","中和區","中和國中","自由學區","復興里","自由學區","school/115_junior_high_zones.pdf"
"115","國中","中和區","中和國中","自由學區","景安里","自由學區","school/115_junior_high_zones.pdf"
"115","國中","中和區","漳和國中","基本學區","安樂里","","school/115_junior_high_zones.pdf"
"115","國中","中和區","漳和國中","基本學區","宜安里","","school/115_junior_high_zones.pdf"
"115","國中","中和區","漳和國中","基本學區","安順里","","school/115_junior_high_zones.pdf"
"115","國中","中和區","漳和國中","基本學區","安和里","","school/115_junior_high_zones.pdf"
"115","國中","中和區","漳和國中","基本學區","中安里","","school/115_junior_high_zones.pdf"
"115","國中","中和區","漳和國中","基本學區","安平里","","school/115_junior_high_zones.pdf"
"115","國中","中和區","漳和國中","基本學區","泰安里","","school/115_junior_high_zones.pdf"
"115","國中","中和區","漳和國中","基本學區","瓦磘里","","school/115_junior_high_zones.pdf"
"115","國中","中和區","漳和國中","基本學區","福和里","","school/115_junior_high_zones.pdf"
"115","國中","中和區","漳和國中","基本學區","枋寮里","","school/115_junior_high_zones.pdf"
"115","國中","中和區","漳和國中","基本學區","福善里","","school/115_junior_high_zones.pdf"
"115","國中","中和區","漳和國中","基本學區","漳和里","","school/115_junior_high_zones.pdf"
"115","國中","中和區","漳和國中","基本學區","南山里","","school/115_junior_high_zones.pdf"
"115","國中","中和區","漳和國中","基本學區","景文里","","school/115_junior_high_zones.pdf"
"115","國中","中和區","漳和國中","基本學區","佳和里","","school/115_junior_high_zones.pdf"
"115","國中","中和區","漳和國中","基本學區","福美里","","school/115_junior_high_zones.pdf"
"115","國中","中和區","漳和國中","基本學區","福祥里","","school/115_junior_high_zones.pdf"
"115","國中","中和區","漳和國中","基本學區","廟美里","","school/115_junior_high_zones.pdf"
"115","國中","中和區","漳和國中","基本學區","連城里","","school/115_junior_high_zones.pdf"
"115","國中","中和區","漳和國中","基本學區","連和里","","school/115_junior_high_zones.pdf"
"115","國中","中和區","漳和國中","基本學區","中原里","(1-4、15-17、21-24鄰)","school/115_junior_high_zones.pdf"
"115","國中","中和區","漳和國中","基本學區","福真里","","school/115_junior_high_zones.pdf"
"115","國中","中和區","漳和國中","自由學區","新南里","自由學區","school/115_junior_high_zones.pdf"
"115","國中","中和區","漳和國中","自由學區","景安里","自由學區","school/115_junior_high_zones.pdf"
"115","國中","中和區","自強國中","基本學區","明穗里","","school/115_junior_high_zones.pdf"
"115","國中","中和區","自強國中","基本學區","自強里","","school/115_junior_high_zones.pdf"
"115","國中","中和區","自強國中","基本學區","國光里","","school/115_junior_high_zones.pdf"
"115","國中","中和區","自強國中","基本學區","國華里","","school/115_junior_high_zones.pdf"
"115","國中","中和區","自強國中","基本學區","德穗里","","school/115_junior_high_zones.pdf"
"115","國中","中和區","自強國中","基本學區","民生里","","school/115_junior_high_zones.pdf"
"115","國中","中和區","自強國中","基本學區","冠穗里","","school/115_junior_high_zones.pdf"
"115","國中","中和區","自強國中","基本學區","瑞穗里","(18鄰)","school/115_junior_high_zones.pdf"
"115","國中","中和區","自強國中","自由學區","清穗里","自由學區","school/115_junior_high_zones.pdf"
"115","國中","中和區","自強國中","自由學區","明德里","自由學區","school/115_junior_high_zones.pdf"
"115","國中","中和區","自強國中","自由學區","壽德里","自由學區","school/115_junior_high_zones.pdf"
"115","國中","中和區","自強國中","自由學區","民有里","自由學區","school/115_junior_high_zones.pdf"
"115","國中","中和區","自強國中","自由學區","民享里","自由學區","school/115_junior_high_zones.pdf"
"115","國中","中和區","自強國中","自由學區","積穗里","(10-11、32-33鄰)；自由學區","school/115_junior_high_zones.pdf"
"115","國中","中和區","自強國中","自由學區","安和里","自由學區","school/115_junior_high_zones.pdf"
"115","國中","中和區","自強國中","自由學區","瑞穗里","(7-17鄰)；自由學區","school/115_junior_high_zones.pdf"
"115","國中","中和區","積穗國中","基本學區","平河里","","school/115_junior_high_zones.pdf"
"115","國中","中和區","積穗國中","基本學區","信和里","","school/115_junior_high_zones.pdf"
"115","國中","中和區","積穗國中","基本學區","員富里","","school/115_junior_high_zones.pdf"
"115","國中","中和區","積穗國中","基本學區","民安里","","school/115_junior_high_zones.pdf"
"115","國中","中和區","積穗國中","基本學區","安穗里","","school/115_junior_high_zones.pdf"
"115","國中","中和區","積穗國中","基本學區","嘉穗里","","school/115_junior_high_zones.pdf"
"115","國中","中和區","積穗國中","基本學區","嘉慶里","含除外條件，依原文整里估算","school/115_junior_high_zones.pdf"
"115","國中","中和區","積穗國中","基本學區","文元里","含除外條件，依原文整里估算","school/115_junior_high_zones.pdf"
"115","國中","中和區","積穗國中","基本學區","積穗里","(除10、11、32、33鄰)；含除外條件，依原文整里估算","school/115_junior_high_zones.pdf"
"115","國中","中和區","積穗國中","基本學區","嘉新里","含除外條件，依原文整里估算","school/115_junior_high_zones.pdf"
"115","國中","中和區","積穗國中","基本學區","員山里","(除11-22鄰、25-35鄰、37-42鄰)；含除外條件，依原文整里估算","school/115_junior_high_zones.pdf"
"115","國中","中和區","積穗國中","自由學區","民有里","自由學區","school/115_junior_high_zones.pdf"
"115","國中","中和區","積穗國中","自由學區","民享里","自由學區","school/115_junior_high_zones.pdf"
"115","國中","中和區","積穗國中","自由學區","積穗里","(10-11、32-33鄰)；自由學區","school/115_junior_high_zones.pdf"
"115","國中","中和區","積穗國中","自由學區","中正里","自由學區","school/115_junior_high_zones.pdf"
"115","國中","中和區","積穗國中","自由學區","碧河里","自由學區","school/115_junior_high_zones.pdf"
"115","國中","中和區","積穗國中","自由學區","仁和里","自由學區","school/115_junior_high_zones.pdf"
"115","國中","中和區","積穗國中","自由學區","中原里","(5-14、18-20鄰)；自由學區","school/115_junior_high_zones.pdf"
"115","國中","中和區","積穗國中","自由學區","瑞穗里","(7-17鄰)；自由學區","school/115_junior_high_zones.pdf"
"115","國中","中和區","積穗國中","自由學區","員山里","(11-22鄰、25-35鄰、37-42鄰)；自由學區","school/115_junior_high_zones.pdf"
"115","國中","永和區","錦和高中國中部","自由學區","中興里","自由學區","school/115_junior_high_zones.pdf"
"115","國中","永和區","錦和高中國中部","自由學區","復興里","自由學區","school/115_junior_high_zones.pdf"
"115","國中","永和區","永和國中福和國中","基本學區","網溪里","","school/115_junior_high_zones.pdf"
"115","國中","永和區","永和國中福和國中","基本學區","光復里","","school/115_junior_high_zones.pdf"
"115","國中","永和區","永和國中福和國中","基本學區","復興里","","school/115_junior_high_zones.pdf"
"115","國中","永和區","永和國中福和國中","基本學區","上林里","","school/115_junior_high_zones.pdf"
"115","國中","永和區","永和國中福和國中","基本學區","中興里","","school/115_junior_high_zones.pdf"
"115","國中","永和區","永和國中福和國中","基本學區","勵行里","","school/115_junior_high_zones.pdf"
"115","國中","永和區","永和國中福和國中","基本學區","桂林里","","school/115_junior_high_zones.pdf"
"115","國中","永和區","永和國中福和國中","基本學區","永興里","","school/115_junior_high_zones.pdf"
"115","國中","永和區","永和國中福和國中","基本學區","正興里","","school/115_junior_high_zones.pdf"
"115","國中","永和區","永和國中福和國中","基本學區","竹林里","","school/115_junior_high_zones.pdf"
"115","國中","永和區","永和國中福和國中","基本學區","福林里","","school/115_junior_high_zones.pdf"
"115","國中","永和區","永和國中福和國中","基本學區","豫溪里","","school/115_junior_high_zones.pdf"
"115","國中","永和區","永和國中福和國中","基本學區","大新里","","school/115_junior_high_zones.pdf"
"115","國中","永和區","永和國中福和國中","基本學區","店街里","","school/115_junior_high_zones.pdf"
"115","國中","永和區","永和國中福和國中","基本學區","光明里","","school/115_junior_high_zones.pdf"
"115","國中","永和區","永和國中福和國中","基本學區","永福里","","school/115_junior_high_zones.pdf"
"115","國中","永和區","永和國中福和國中","基本學區","永貞里","","school/115_junior_high_zones.pdf"
"115","國中","永和區","永和國中福和國中","基本學區","福和里","","school/115_junior_high_zones.pdf"
"115","國中","永和區","永和國中福和國中","基本學區","河濱里","","school/115_junior_high_zones.pdf"
"115","國中","永和區","永和國中福和國中","基本學區","秀和里","","school/115_junior_high_zones.pdf"
"115","國中","永和區","永和國中福和國中","基本學區","秀朗里","","school/115_junior_high_zones.pdf"
"115","國中","永和區","永和國中福和國中","基本學區","秀成里","","school/115_junior_high_zones.pdf"
"115","國中","永和區","永和國中福和國中","基本學區","秀林里","","school/115_junior_high_zones.pdf"
"115","國中","永和區","永和國中福和國中","基本學區","秀得里","","school/115_junior_high_zones.pdf"
"115","國中","永和區","永和國中福和國中","基本學區","民本里","","school/115_junior_high_zones.pdf"
"115","國中","永和區","永和國中福和國中","基本學區","民樂里","","school/115_junior_high_zones.pdf"
"115","國中","永和區","永和國中福和國中","基本學區","民族里","","school/115_junior_high_zones.pdf"
"115","國中","永和區","永和國中福和國中","基本學區","民權里","","school/115_junior_high_zones.pdf"
"115","國中","永和區","永和國中福和國中","基本學區","民生里","","school/115_junior_high_zones.pdf"
"115","國中","永和區","永和國中福和國中","基本學區","民治里","","school/115_junior_high_zones.pdf"
"115","國中","永和區","永和國中福和國中","基本學區","智光里","","school/115_junior_high_zones.pdf"
"115","國中","永和區","永和國中福和國中","基本學區","潭墘里","","school/115_junior_high_zones.pdf"
"115","國中","永和區","永和國中福和國中","基本學區","潭安里","","school/115_junior_high_zones.pdf"
"115","國中","永和區","永和國中福和國中","基本學區","永安里","","school/115_junior_high_zones.pdf"
"115","國中","永和區","永和國中福和國中","基本學區","得和里","","school/115_junior_high_zones.pdf"
"115","國中","永和區","永和國中福和國中","基本學區","永元里","","school/115_junior_high_zones.pdf"
"115","國中","永和區","永和國中福和國中","基本學區","河堤里","","school/115_junior_high_zones.pdf"
"115","國中","永和區","永和國中福和國中","基本學區","頂溪里","","school/115_junior_high_zones.pdf"
"115","國中","永和區","永和國中福和國中","基本學區","上溪里","","school/115_junior_high_zones.pdf"
"115","國中","永和區","永和國中福和國中","基本學區","後溪里","","school/115_junior_high_zones.pdf"
"115","國中","永和區","永和國中福和國中","基本學區","秀元里","","school/115_junior_high_zones.pdf"
"115","國中","永和區","永和國中福和國中","基本學區","永樂里","","school/115_junior_high_zones.pdf"
"115","國中","永和區","永和國中福和國中","基本學區","民富里","","school/115_junior_high_zones.pdf"
"115","國中","永和區","永和國中福和國中","自由學區","安和里","自由學區","school/115_junior_high_zones.pdf"
"115","國中","永和區","永和國中福和國中","自由學區","雙和里","自由學區","school/115_junior_high_zones.pdf"
"115","國中","永和區","永和國中福和國中","自由學區","保平里","自由學區","school/115_junior_high_zones.pdf"
"115","國中","永和區","永和國中福和國中","自由學區","水源里","自由學區","school/115_junior_high_zones.pdf"
"115","國中","永和區","永和國中福和國中","自由學區","協和里","自由學區","school/115_junior_high_zones.pdf"
"115","國中","永和區","永和國中福和國中","自由學區","和平里","自由學區","school/115_junior_high_zones.pdf"
"115","國中","永和區","永和國中福和國中","自由學區","前溪里","自由學區","school/115_junior_high_zones.pdf"
"115","國中","永和區","永平高中國中部","基本學區","新廍里","","school/115_junior_high_zones.pdf"
"115","國中","永和區","永平高中國中部","基本學區","下溪里","","school/115_junior_high_zones.pdf"
"115","國中","永和區","永平高中國中部","基本學區","仁愛里","","school/115_junior_high_zones.pdf"
"115","國中","永和區","永平高中國中部","基本學區","文化里","","school/115_junior_high_zones.pdf"
"115","國中","永和區","永平高中國中部","基本學區","信義里","","school/115_junior_high_zones.pdf"
"115","國中","永和區","永平高中國中部","基本學區","永成里","","school/115_junior_high_zones.pdf"
"115","國中","永和區","永平高中國中部","基本學區","忠義里","","school/115_junior_high_zones.pdf"
"115","國中","永和區","永平高中國中部","基本學區","大同里","","school/115_junior_high_zones.pdf"
"115","國中","永和區","永平高中國中部","基本學區","新生里","","school/115_junior_high_zones.pdf"
"115","國中","永和區","永平高中國中部","基本學區","保安里","","school/115_junior_high_zones.pdf"
"115","國中","永和區","永平高中國中部","基本學區","中溪里","","school/115_junior_high_zones.pdf"
"115","國中","永和區","永平高中國中部","基本學區","保順里","","school/115_junior_high_zones.pdf"
"115","國中","永和區","永平高中國中部","自由學區","保平里","","school/115_junior_high_zones.pdf"
"115","國中","永和區","永平高中國中部","自由學區","水源里","","school/115_junior_high_zones.pdf"
"115","國中","永和區","永平高中國中部","自由學區","協和里","","school/115_junior_high_zones.pdf"
"115","國中","永和區","永平高中國中部","自由學區","和平里","","school/115_junior_high_zones.pdf"
"115","國中","永和區","永平高中國中部","自由學區","前溪里","","school/115_junior_high_zones.pdf"
"115","國中","汐止區","樟樹實中國中部","基本學區","北峰里","","school/115_junior_high_zones.pdf"
"115","國中","汐止區","樟樹實中國中部","基本學區","金龍里","","school/115_junior_high_zones.pdf"
"115","國中","汐止區","樟樹實中國中部","基本學區","湖光里","","school/115_junior_high_zones.pdf"
"115","國中","汐止區","樟樹實中國中部","基本學區","湖興里","","school/115_junior_high_zones.pdf"
"115","國中","汐止區","樟樹實中國中部","基本學區","樟樹里","","school/115_junior_high_zones.pdf"
"115","國中","汐止區","樟樹實中國中部","基本學區","忠孝里","","school/115_junior_high_zones.pdf"
"115","國中","汐止區","樟樹實中國中部","基本學區","厚德里","","school/115_junior_high_zones.pdf"
"115","國中","汐止區","樟樹實中國中部","基本學區","山光里","含除外條件，依原文整里估算","school/115_junior_high_zones.pdf"
"115","國中","汐止區","樟樹實中國中部","基本學區","環河里","含除外條件，依原文整里估算","school/115_junior_high_zones.pdf"
"115","國中","汐止區","樟樹實中國中部","基本學區","北山里","(除1-13鄰)；含除外條件，依原文整里估算","school/115_junior_high_zones.pdf"
"115","國中","汐止區","樟樹實中國中部","基本學區","中興里","","school/115_junior_high_zones.pdf"
"115","國中","汐止區","樟樹實中國中部","基本學區","康福里","","school/115_junior_high_zones.pdf"
"115","國中","汐止區","樟樹實中國中部","基本學區","福德里","","school/115_junior_high_zones.pdf"
"115","國中","汐止區","樟樹實中國中部","基本學區","興福里","","school/115_junior_high_zones.pdf"
"115","國中","汐止區","樟樹實中國中部","自由學區","忠山里","自由學區","school/115_junior_high_zones.pdf"
"115","國中","汐止區","樟樹實中國中部","自由學區","湖蓮里","自由學區","school/115_junior_high_zones.pdf"
"115","國中","汐止區","樟樹實中國中部","自由學區","北山里","(1-13鄰)；自由學區","school/115_junior_high_zones.pdf"
"115","國中","汐止區","樟樹實中國中部","自由學區","長青里","自由學區","school/115_junior_high_zones.pdf"
"115","國中","汐止區","汐止國中","基本學區","仁德里","","school/115_junior_high_zones.pdf"
"115","國中","汐止區","汐止國中","基本學區","義民里","","school/115_junior_high_zones.pdf"
"115","國中","汐止區","汐止國中","基本學區","禮門里","","school/115_junior_high_zones.pdf"
"115","國中","汐止區","汐止國中","基本學區","智慧里","","school/115_junior_high_zones.pdf"
"115","國中","汐止區","汐止國中","基本學區","大同里","","school/115_junior_high_zones.pdf"
"115","國中","汐止區","汐止國中","基本學區","信望里","","school/115_junior_high_zones.pdf"
"115","國中","汐止區","汐止國中","基本學區","江北里","","school/115_junior_high_zones.pdf"
"115","國中","汐止區","汐止國中","基本學區","八連里","","school/115_junior_high_zones.pdf"
"115","國中","汐止區","汐止國中","基本學區","拱北里","","school/115_junior_high_zones.pdf"
"115","國中","汐止區","汐止國中","基本學區","鄉長里","","school/115_junior_high_zones.pdf"
"115","國中","汐止區","汐止國中","基本學區","烘內里","","school/115_junior_high_zones.pdf"
"115","國中","汐止區","汐止國中","基本學區","長安里","","school/115_junior_high_zones.pdf"
"115","國中","汐止區","汐止國中","基本學區","保長里","","school/115_junior_high_zones.pdf"
"115","國中","汐止區","汐止國中","基本學區","保新里","","school/115_junior_high_zones.pdf"
"115","國中","汐止區","汐止國中","基本學區","保安里","","school/115_junior_high_zones.pdf"
"115","國中","汐止區","汐止國中","自由學區","城中里","自由學區","school/115_junior_high_zones.pdf"
"115","國中","汐止區","汐止國中","自由學區","建成里","自由學區","school/115_junior_high_zones.pdf"
"115","國中","汐止區","秀峰高中國中部","基本學區","秀峰里","","school/115_junior_high_zones.pdf"
"115","國中","汐止區","秀峰高中國中部","基本學區","秀山里","","school/115_junior_high_zones.pdf"
"115","國中","汐止區","秀峰高中國中部","基本學區","新昌里","","school/115_junior_high_zones.pdf"
"115","國中","汐止區","秀峰高中國中部","基本學區","福安里","","school/115_junior_high_zones.pdf"
"115","國中","汐止區","秀峰高中國中部","基本學區","茄苳里","","school/115_junior_high_zones.pdf"
"115","國中","汐止區","秀峰高中國中部","基本學區","崇德里","","school/115_junior_high_zones.pdf"
"115","國中","汐止區","秀峰高中國中部","基本學區","東山里","","school/115_junior_high_zones.pdf"
"115","國中","汐止區","秀峰高中國中部","基本學區","橋東里","","school/115_junior_high_zones.pdf"
"115","國中","汐止區","秀峰高中國中部","自由學區","城中里","自由學區","school/115_junior_high_zones.pdf"
"115","國中","汐止區","秀峰高中國中部","自由學區","建成里","自由學區","school/115_junior_high_zones.pdf"
"115","國中","汐止區","青山國中小國中部","基本學區","復興里","","school/115_junior_high_zones.pdf"
"115","國中","汐止區","青山國中小國中部","基本學區","自強里","","school/115_junior_high_zones.pdf"
"115","國中","汐止區","青山國中小國中部","基本學區","文化里","","school/115_junior_high_zones.pdf"
"115","國中","汐止區","青山國中小國中部","基本學區","橫科里","","school/115_junior_high_zones.pdf"
"115","國中","汐止區","青山國中小國中部","基本學區","宜興里","","school/115_junior_high_zones.pdf"
"115","國中","汐止區","青山國中小國中部","基本學區","東勢里","","school/115_junior_high_zones.pdf"
"115","國中","汐止區","青山國中小國中部","基本學區","福山里","","school/115_junior_high_zones.pdf"
"115","國中","汐止區","青山國中小國中部","基本學區","白雲里","","school/115_junior_high_zones.pdf"
"115","國中","新店區","文山國中","基本學區","太平里","","school/115_junior_high_zones.pdf"
"115","國中","新店區","文山國中","基本學區","張南里","","school/115_junior_high_zones.pdf"
"115","國中","新店區","文山國中","基本學區","廣明里","","school/115_junior_high_zones.pdf"
"115","國中","新店區","文山國中","基本學區","新店里","","school/115_junior_high_zones.pdf"
"115","國中","新店區","文山國中","基本學區","文中里","","school/115_junior_high_zones.pdf"
"115","國中","新店區","文山國中","基本學區","國校里","","school/115_junior_high_zones.pdf"
"115","國中","新店區","文山國中","基本學區","青潭里","含除外條件，依原文整里估算","school/115_junior_high_zones.pdf"
"115","國中","新店區","文山國中","基本學區","美城里","含除外條件，依原文整里估算","school/115_junior_high_zones.pdf"
"115","國中","新店區","文山國中","基本學區","美潭里","(除16-20鄰)；含除外條件，依原文整里估算","school/115_junior_high_zones.pdf"
"115","國中","新店區","文山國中","基本學區","員潭里","","school/115_junior_high_zones.pdf"
"115","國中","新店區","文山國中","基本學區","雙坑里","","school/115_junior_high_zones.pdf"
"115","國中","新店區","文山國中","基本學區","粗坑里","","school/115_junior_high_zones.pdf"
"115","國中","新店區","文山國中","基本學區","屈尺里","","school/115_junior_high_zones.pdf"
"115","國中","新店區","文山國中","基本學區","龜山里","","school/115_junior_high_zones.pdf"
"115","國中","新店區","文山國中","基本學區","廣興里","","school/115_junior_high_zones.pdf"
"115","國中","新店區","文山國中","基本學區","塗潭里","","school/115_junior_high_zones.pdf"
"115","國中","新店區","文山國中","基本學區","直潭里","","school/115_junior_high_zones.pdf"
"115","國中","新店區","文山國中","基本學區","文明里","","school/115_junior_high_zones.pdf"
"115","國中","新店區","文山國中","基本學區","新生里","(1-8鄰)","school/115_junior_high_zones.pdf"
"115","國中","新店區","文山國中","基本學區","頂城里","(1-10鄰)","school/115_junior_high_zones.pdf"
"115","國中","新店區","文山國中","基本學區","華城里","","school/115_junior_high_zones.pdf"
"115","國中","新店區","文山國中","自由學區","中華里","自由學區","school/115_junior_high_zones.pdf"
"115","國中","新店區","文山國中","自由學區","百福里","自由學區","school/115_junior_high_zones.pdf"
"115","國中","新店區","文山國中","自由學區","福民里","自由學區","school/115_junior_high_zones.pdf"
"115","國中","新店區","文山國中","自由學區","中央里","自由學區","school/115_junior_high_zones.pdf"
"115","國中","新店區","文山國中","自由學區","美潭里","(16-20鄰)；自由學區","school/115_junior_high_zones.pdf"
"115","國中","新店區","文山國中","自由學區","福德里","自由學區","school/115_junior_high_zones.pdf"
"115","國中","新店區","文山國中","自由學區","中興里","自由學區","school/115_junior_high_zones.pdf"
"115","國中","新店區","文山國中","自由學區","百忍里","自由學區","school/115_junior_high_zones.pdf"
"115","國中","新店區","文山國中","自由學區","下城里","自由學區","school/115_junior_high_zones.pdf"
"115","國中","新店區","文山國中","自由學區","頂城里","自由學區","school/115_junior_high_zones.pdf"
"115","國中","新店區","五峰國中","基本學區","大豐里","","school/115_junior_high_zones.pdf"
"115","國中","新店區","五峰國中","基本學區","大同里","","school/115_junior_high_zones.pdf"
"115","國中","新店區","五峰國中","基本學區","大鵬里","","school/115_junior_high_zones.pdf"
"115","國中","新店區","五峰國中","基本學區","忠孝里","","school/115_junior_high_zones.pdf"
"115","國中","新店區","五峰國中","基本學區","信義里","","school/115_junior_high_zones.pdf"
"115","國中","新店區","五峰國中","基本學區","寶安里","","school/115_junior_high_zones.pdf"
"115","國中","新店區","五峰國中","基本學區","明德里","","school/115_junior_high_zones.pdf"
"115","國中","新店區","五峰國中","基本學區","建國里","","school/115_junior_high_zones.pdf"
"115","國中","新店區","五峰國中","基本學區","國豐里","","school/115_junior_high_zones.pdf"
"115","國中","新店區","五峰國中","基本學區","新安里","","school/115_junior_high_zones.pdf"
"115","國中","新店區","五峰國中","基本學區","百和里","","school/115_junior_high_zones.pdf"
"115","國中","新店區","五峰國中","基本學區","仁愛里","","school/115_junior_high_zones.pdf"
"115","國中","新店區","五峰國中","基本學區","中正里","","school/115_junior_high_zones.pdf"
"115","國中","新店區","五峰國中","基本學區","復興里","","school/115_junior_high_zones.pdf"
"115","國中","新店區","五峰國中","基本學區","新德里","","school/115_junior_high_zones.pdf"
"115","國中","新店區","五峰國中","基本學區","寶興里","","school/115_junior_high_zones.pdf"
"115","國中","新店區","五峰國中","基本學區","張北里","","school/115_junior_high_zones.pdf"
"115","國中","新店區","五峰國中","基本學區","長春里","","school/115_junior_high_zones.pdf"
"115","國中","新店區","五峰國中","基本學區","忠誠里","","school/115_junior_high_zones.pdf"
"115","國中","新店區","五峰國中","基本學區","寶福里","","school/115_junior_high_zones.pdf"
"115","國中","新店區","五峰國中","基本學區","江陵里","","school/115_junior_high_zones.pdf"
"115","國中","新店區","五峰國中","基本學區","中山里","","school/115_junior_high_zones.pdf"
"115","國中","新店區","五峰國中","基本學區","和平里","","school/115_junior_high_zones.pdf"
"115","國中","新店區","五峰國中","基本學區","新生里","(9-26鄰)","school/115_junior_high_zones.pdf"
"115","國中","新店區","五峰國中","自由學區","中華里","","school/115_junior_high_zones.pdf"
"115","國中","新店區","五峰國中","自由學區","百福里","","school/115_junior_high_zones.pdf"
"115","國中","新店區","五峰國中","自由學區","福民里","","school/115_junior_high_zones.pdf"
"115","國中","新店區","五峰國中","自由學區","中央里","","school/115_junior_high_zones.pdf"
"115","國中","新店區","五峰國中","自由學區","美潭里","(16-20鄰)","school/115_junior_high_zones.pdf"
"115","國中","新店區","五峰國中","自由學區","福德里","","school/115_junior_high_zones.pdf"
"115","國中","新店區","五峰國中","自由學區","中興里","","school/115_junior_high_zones.pdf"
"115","國中","新店區","五峰國中","自由學區","百忍里","","school/115_junior_high_zones.pdf"
"115","國中","新店區","安康高中國中部","基本學區","柴埕里","","school/115_junior_high_zones.pdf"
"115","國中","新店區","安康高中國中部","基本學區","公崙里","","school/115_junior_high_zones.pdf"
"115","國中","新店區","安康高中國中部","基本學區","安和里","","school/115_junior_high_zones.pdf"
"115","國中","新店區","安康高中國中部","基本學區","安昌里","","school/115_junior_high_zones.pdf"
"115","國中","新店區","安康高中國中部","基本學區","德安里","(1-17鄰，車子路以南除外)；含除外條件，依原文整里估算","school/115_junior_high_zones.pdf"
"115","國中","新店區","安康高中國中部","自由學區","新和里","自由學區","school/115_junior_high_zones.pdf"
"115","國中","新店區","安康高中國中部","自由學區","永平里","自由學區","school/115_junior_high_zones.pdf"
"115","國中","新店區","安康高中國中部","自由學區","永安里","自由學區","school/115_junior_high_zones.pdf"
"115","國中","新店區","安康高中國中部","自由學區","下城里","自由學區","school/115_junior_high_zones.pdf"
"115","國中","新店區","安康高中國中部","自由學區","頂城里","自由學區","school/115_junior_high_zones.pdf"
"115","國中","新店區","達觀國中小國中部","基本學區","德安里","(18-28鄰，車子路以南)","school/115_junior_high_zones.pdf"
"115","國中","新店區","達觀國中小國中部","基本學區","小城里","","school/115_junior_high_zones.pdf"
"115","國中","新店區","達觀國中小國中部","基本學區","吉祥里","","school/115_junior_high_zones.pdf"
"115","國中","新店區","達觀國中小國中部","基本學區","玫瑰里","","school/115_junior_high_zones.pdf"
"115","國中","新店區","達觀國中小國中部","基本學區","明城里","","school/115_junior_high_zones.pdf"
"115","國中","新店區","達觀國中小國中部","基本學區","達觀里","","school/115_junior_high_zones.pdf"
"115","國中","新店區","達觀國中小國中部","基本學區","雙城里","","school/115_junior_high_zones.pdf"
"115","國中","新店區","達觀國中小國中部","基本學區","日興里","","school/115_junior_high_zones.pdf"
"115","國中","新店區","達觀國中小國中部","基本學區","香坡里","","school/115_junior_high_zones.pdf"
"115","國中","石碇區","石碇高中國中部","自由學區","格頭里","自由學區","school/115_junior_high_zones.pdf"
"115","國中","淡水區","正德國中","基本學區","崁頂里","(除5、18-19鄰)；含除外條件，依原文整里估算","school/115_junior_high_zones.pdf"
"115","國中","淡水區","正德國中","基本學區","埤島里","","school/115_junior_high_zones.pdf"
"115","國中","淡水區","正德國中","基本學區","忠寮里","","school/115_junior_high_zones.pdf"
"115","國中","淡水區","正德國中","基本學區","北投里","","school/115_junior_high_zones.pdf"
"115","國中","淡水區","正德國中","基本學區","水源里","","school/115_junior_high_zones.pdf"
"115","國中","淡水區","正德國中","基本學區","水碓里","","school/115_junior_high_zones.pdf"
"115","國中","淡水區","正德國中","基本學區","正德里","","school/115_junior_high_zones.pdf"
"115","國中","淡水區","正德國中","基本學區","北新里","","school/115_junior_high_zones.pdf"
"115","國中","淡水區","正德國中","基本學區","忠山里","","school/115_junior_high_zones.pdf"
"115","國中","淡水區","正德國中","基本學區","中和里","","school/115_junior_high_zones.pdf"
"115","國中","淡水區","正德國中","基本學區","義山里","","school/115_junior_high_zones.pdf"
"115","國中","淡水區","正德國中","基本學區","蕃薯里","","school/115_junior_high_zones.pdf"
"115","國中","淡水區","正德國中","基本學區","賢孝里","","school/115_junior_high_zones.pdf"
"115","國中","淡水區","正德國中","基本學區","屯山里","","school/115_junior_high_zones.pdf"
"115","國中","淡水區","正德國中","基本學區","興仁里","","school/115_junior_high_zones.pdf"
"115","國中","淡水區","正德國中","基本學區","新義里","(9-14鄰)","school/115_junior_high_zones.pdf"
"115","國中","淡水區","正德國中","基本學區","新興里","(1-3鄰、5鄰新興街84-90號15樓雙號除外、8鄰)；含除外條件，依原文整里估算","school/115_junior_high_zones.pdf"
"115","國中","淡水區","正德國中","基本學區","新春里","(6-10、14-15鄰)","school/115_junior_high_zones.pdf"
"115","國中","淡水區","正德國中","基本學區","學府里","(16-18鄰)","school/115_junior_high_zones.pdf"
"115","國中","淡水區","正德國中","基本學區","中興里","(6-7鄰)","school/115_junior_high_zones.pdf"
"115","國中","淡水區","正德國中(賢孝校區)","基本學區","崁頂里","(除5、18-19鄰)；含除外條件，依原文整里估算","school/115_junior_high_zones.pdf"
"115","國中","淡水區","正德國中(賢孝校區)","基本學區","埤島里","","school/115_junior_high_zones.pdf"
"115","國中","淡水區","正德國中(賢孝校區)","基本學區","忠寮里","","school/115_junior_high_zones.pdf"
"115","國中","淡水區","正德國中(賢孝校區)","基本學區","北投里","","school/115_junior_high_zones.pdf"
"115","國中","淡水區","正德國中(賢孝校區)","基本學區","水源里","","school/115_junior_high_zones.pdf"
"115","國中","淡水區","正德國中(賢孝校區)","基本學區","水碓里","","school/115_junior_high_zones.pdf"
"115","國中","淡水區","正德國中(賢孝校區)","基本學區","正德里","","school/115_junior_high_zones.pdf"
"115","國中","淡水區","正德國中(賢孝校區)","基本學區","北新里","","school/115_junior_high_zones.pdf"
"115","國中","淡水區","正德國中(賢孝校區)","基本學區","忠山里","","school/115_junior_high_zones.pdf"
"115","國中","淡水區","正德國中(賢孝校區)","基本學區","中和里","","school/115_junior_high_zones.pdf"
"115","國中","淡水區","正德國中(賢孝校區)","基本學區","義山里","","school/115_junior_high_zones.pdf"
"115","國中","淡水區","正德國中(賢孝校區)","基本學區","蕃薯里","","school/115_junior_high_zones.pdf"
"115","國中","淡水區","正德國中(賢孝校區)","基本學區","賢孝里","","school/115_junior_high_zones.pdf"
"115","國中","淡水區","正德國中(賢孝校區)","基本學區","屯山里","","school/115_junior_high_zones.pdf"
"115","國中","淡水區","正德國中(賢孝校區)","基本學區","興仁里","","school/115_junior_high_zones.pdf"
"115","國中","淡水區","正德國中(賢孝校區)","基本學區","新義里","(9-14鄰)","school/115_junior_high_zones.pdf"
"115","國中","淡水區","正德國中(賢孝校區)","基本學區","新興里","(1-3鄰、5鄰新興街84-90號15樓雙號除外、8鄰)；含除外條件，依原文整里估算","school/115_junior_high_zones.pdf"
"115","國中","淡水區","正德國中(賢孝校區)","基本學區","新春里","(6-10、14-15鄰)","school/115_junior_high_zones.pdf"
"115","國中","淡水區","正德國中(賢孝校區)","基本學區","學府里","(16-18鄰)","school/115_junior_high_zones.pdf"
"115","國中","淡水區","正德國中(賢孝校區)","基本學區","中興里","(6-7鄰)","school/115_junior_high_zones.pdf"
"115","國中","淡水區","淡水國中","基本學區","樹興里","","school/115_junior_high_zones.pdf"
"115","國中","淡水區","淡水國中","基本學區","油車里","","school/115_junior_high_zones.pdf"
"115","國中","淡水區","淡水國中","基本學區","沙崙里","","school/115_junior_high_zones.pdf"
"115","國中","淡水區","淡水國中","基本學區","大庄里","","school/115_junior_high_zones.pdf"
"115","國中","淡水區","淡水國中","基本學區","永吉里","","school/115_junior_high_zones.pdf"
"115","國中","淡水區","淡水國中","基本學區","協元里","","school/115_junior_high_zones.pdf"
"115","國中","淡水區","淡水國中","基本學區","新生里","","school/115_junior_high_zones.pdf"
"115","國中","淡水區","淡水國中","基本學區","民安里","","school/115_junior_high_zones.pdf"
"115","國中","淡水區","淡水國中","基本學區","文化里","","school/115_junior_high_zones.pdf"
"115","國中","淡水區","淡水國中","自由學區","竿蓁里","自由學區","school/115_junior_high_zones.pdf"
"115","國中","淡水區","淡水國中","自由學區","鄧公里","自由學區","school/115_junior_high_zones.pdf"
"115","國中","淡水區","淡水國中","自由學區","幸福里","自由學區","school/115_junior_high_zones.pdf"
"115","國中","淡水區","淡水國中","自由學區","坪頂里","自由學區","school/115_junior_high_zones.pdf"
"115","國中","三重區","三重高中國中部","基本學區","福祉里","","school/115_junior_high_zones.pdf"
"115","國中","三重區","三重高中國中部","基本學區","福德里","","school/115_junior_high_zones.pdf"
"115","國中","三重區","三重高中國中部","基本學區","福民里","","school/115_junior_high_zones.pdf"
"115","國中","三重區","三重高中國中部","基本學區","成功里","","school/115_junior_high_zones.pdf"
"115","國中","三重區","三重高中國中部","基本學區","光正里","","school/115_junior_high_zones.pdf"
"115","國中","三重區","三重高中國中部","基本學區","光明里","","school/115_junior_high_zones.pdf"
"115","國中","三重區","三重高中國中部","基本學區","同安里","","school/115_junior_high_zones.pdf"
"115","國中","三重區","三重高中國中部","基本學區","同慶里","","school/115_junior_high_zones.pdf"
"115","國中","三重區","三重高中國中部","基本學區","清和里","","school/115_junior_high_zones.pdf"
"115","國中","三重區","三重高中國中部","基本學區","福星里","","school/115_junior_high_zones.pdf"
"115","國中","三重區","三重高中國中部","基本學區","福利里","","school/115_junior_high_zones.pdf"
"115","國中","三重區","三重高中國中部","基本學區","光榮里","","school/115_junior_high_zones.pdf"
"115","國中","三重區","三重高中國中部","基本學區","光輝里","","school/115_junior_high_zones.pdf"
"115","國中","三重區","三重高中國中部","基本學區","仁德里","","school/115_junior_high_zones.pdf"
"115","國中","三重區","三重高中國中部","基本學區","忠孝里","","school/115_junior_high_zones.pdf"
"115","國中","三重區","三重高中國中部","基本學區","仁義里","","school/115_junior_high_zones.pdf"
"115","國中","三重區","三重高中國中部","基本學區","大同里","","school/115_junior_high_zones.pdf"
"115","國中","三重區","三重高中國中部","基本學區","中民里","","school/115_junior_high_zones.pdf"
"115","國中","三重區","三重高中國中部","基本學區","平和里","","school/115_junior_high_zones.pdf"
"115","國中","三重區","三重高中國中部","基本學區","大安里","","school/115_junior_high_zones.pdf"
"115","國中","三重區","三重高中國中部","基本學區","中正里","","school/115_junior_high_zones.pdf"
"115","國中","三重區","三重高中國中部","基本學區","吉利里","","school/115_junior_high_zones.pdf"
"115","國中","三重區","三重高中國中部","基本學區","菜寮里","","school/115_junior_high_zones.pdf"
"115","國中","三重區","三重高中國中部","基本學區","永春里","","school/115_junior_high_zones.pdf"
"115","國中","三重區","三重高中國中部","自由學區","谷王里","自由學區","school/115_junior_high_zones.pdf"
"115","國中","三重區","三重高中國中部","自由學區","永興里","自由學區","school/115_junior_high_zones.pdf"
"115","國中","三重區","二重國中","基本學區","博愛里","","school/115_junior_high_zones.pdf"
"115","國中","三重區","二重國中","基本學區","二重里","","school/115_junior_high_zones.pdf"
"115","國中","三重區","二重國中","基本學區","福田里","","school/115_junior_high_zones.pdf"
"115","國中","三重區","二重國中","基本學區","大有里","","school/115_junior_high_zones.pdf"
"115","國中","三重區","二重國中","基本學區","永發里","","school/115_junior_high_zones.pdf"
"115","國中","三重區","二重國中","基本學區","培德里","(12-24鄰)","school/115_junior_high_zones.pdf"
"115","國中","三重區","二重國中","基本學區","永煇里","","school/115_junior_high_zones.pdf"
"115","國中","三重區","二重國中","基本學區","田心里","","school/115_junior_high_zones.pdf"
"115","國中","三重區","二重國中","基本學區","五谷里","","school/115_junior_high_zones.pdf"
"115","國中","三重區","二重國中","基本學區","谷王里","","school/115_junior_high_zones.pdf"
"115","國中","三重區","二重國中","基本學區","德厚里","","school/115_junior_high_zones.pdf"
"115","國中","三重區","二重國中","自由學區","谷王里","自由學區","school/115_junior_high_zones.pdf"
"115","國中","三重區","二重國中","自由學區","田中里","自由學區","school/115_junior_high_zones.pdf"
"115","國中","三重區","二重國中","自由學區","光田里","自由學區","school/115_junior_high_zones.pdf"
"115","國中","三重區","二重國中","自由學區","田安里","自由學區","school/115_junior_high_zones.pdf"
"115","國中","三重區","二重國中","自由學區","六福里","自由學區","school/115_junior_high_zones.pdf"
"115","國中","三重區","二重國中","自由學區","立德里","自由學區","school/115_junior_high_zones.pdf"
"115","國中","三重區","二重國中","自由學區","重明里","自由學區","school/115_junior_high_zones.pdf"
"115","國中","三重區","二重國中","自由學區","光陽里","自由學區","school/115_junior_high_zones.pdf"
"115","國中","三重區","二重國中","自由學區","頂崁里","自由學區","school/115_junior_high_zones.pdf"
"115","國中","三重區","二重國中","自由學區","中興里","自由學區","school/115_junior_high_zones.pdf"
"115","國中","三重區","三和國中","基本學區","永清里","","school/115_junior_high_zones.pdf"
"115","國中","三重區","三和國中","基本學區","永順里","","school/115_junior_high_zones.pdf"
"115","國中","三重區","三和國中","基本學區","永福里","","school/115_junior_high_zones.pdf"
"115","國中","三重區","三和國中","基本學區","永盛里","","school/115_junior_high_zones.pdf"
"115","國中","三重區","三和國中","基本學區","永吉里","","school/115_junior_high_zones.pdf"
"115","國中","三重區","三和國中","基本學區","永安里","","school/115_junior_high_zones.pdf"
"115","國中","三重區","三和國中","基本學區","永德里","","school/115_junior_high_zones.pdf"
"115","國中","三重區","三和國中","基本學區","永豐里","","school/115_junior_high_zones.pdf"
"115","國中","三重區","三和國中","基本學區","維德里","","school/115_junior_high_zones.pdf"
"115","國中","三重區","三和國中","基本學區","厚德里","","school/115_junior_high_zones.pdf"
"115","國中","三重區","三和國中","基本學區","培德里","(1-11鄰)","school/115_junior_high_zones.pdf"
"115","國中","三重區","三和國中","基本學區","尚德里","(6-15、17-29鄰)","school/115_junior_high_zones.pdf"
"115","國中","三重區","三和國中","自由學區","福隆里","自由學區","school/115_junior_high_zones.pdf"
"115","國中","三重區","三和國中","自由學區","福樂里","自由學區","school/115_junior_high_zones.pdf"
"115","國中","三重區","三和國中","自由學區","溪美里","自由學區","school/115_junior_high_zones.pdf"
"115","國中","三重區","光榮國中","基本學區","長安里","","school/115_junior_high_zones.pdf"
"115","國中","三重區","光榮國中","基本學區","長泰里","","school/115_junior_high_zones.pdf"
"115","國中","三重區","光榮國中","基本學區","長江里","","school/115_junior_high_zones.pdf"
"115","國中","三重區","光榮國中","基本學區","萬壽里","","school/115_junior_high_zones.pdf"
"115","國中","三重區","光榮國中","基本學區","三安里","","school/115_junior_high_zones.pdf"
"115","國中","三重區","光榮國中","基本學區","開元里","","school/115_junior_high_zones.pdf"
"115","國中","三重區","光榮國中","基本學區","長元里","","school/115_junior_high_zones.pdf"
"115","國中","三重區","光榮國中","基本學區","秀江里","","school/115_junior_high_zones.pdf"
"115","國中","三重區","光榮國中","基本學區","奕壽里","","school/115_junior_high_zones.pdf"
"115","國中","三重區","光榮國中","基本學區","長福里","","school/115_junior_high_zones.pdf"
"115","國中","三重區","光榮國中","基本學區","介壽里","","school/115_junior_high_zones.pdf"
"115","國中","三重區","光榮國中","基本學區","錦江里","","school/115_junior_high_zones.pdf"
"115","國中","三重區","光榮國中","基本學區","崇德里","","school/115_junior_high_zones.pdf"
"115","國中","三重區","光榮國中","基本學區","龍濱里","","school/115_junior_high_zones.pdf"
"115","國中","三重區","光榮國中","基本學區","龍門里","","school/115_junior_high_zones.pdf"
"115","國中","三重區","光榮國中","基本學區","順德里","","school/115_junior_high_zones.pdf"
"115","國中","三重區","光榮國中","基本學區","承德里","","school/115_junior_high_zones.pdf"
"115","國中","三重區","光榮國中","基本學區","瑞德里","","school/115_junior_high_zones.pdf"
"115","國中","三重區","光榮國中","基本學區","中央里","","school/115_junior_high_zones.pdf"
"115","國中","三重區","光榮國中","基本學區","光華里","","school/115_junior_high_zones.pdf"
"115","國中","三重區","光榮國中","基本學區","大德里","","school/115_junior_high_zones.pdf"
"115","國中","三重區","光榮國中","基本學區","長生里","","school/115_junior_high_zones.pdf"
"115","國中","三重區","光榮國中","基本學區","錦通里","","school/115_junior_high_zones.pdf"
"115","國中","三重區","光榮國中","基本學區","雙園里","","school/115_junior_high_zones.pdf"
"115","國中","三重區","光榮國中","基本學區","錦安里","","school/115_junior_high_zones.pdf"
"115","國中","三重區","光榮國中","基本學區","尚德里","(1-5、16鄰)","school/115_junior_high_zones.pdf"
"115","國中","三重區","光榮國中","自由學區","永興里","自由學區","school/115_junior_high_zones.pdf"
"115","國中","三重區","明志國中","基本學區","信安里","","school/115_junior_high_zones.pdf"
"115","國中","三重區","明志國中","基本學區","六合里","","school/115_junior_high_zones.pdf"
"115","國中","三重區","明志國中","基本學區","幸福里","","school/115_junior_high_zones.pdf"
"115","國中","三重區","明志國中","基本學區","重陽里","","school/115_junior_high_zones.pdf"
"115","國中","三重區","明志國中","基本學區","過田里","","school/115_junior_high_zones.pdf"
"115","國中","三重區","明志國中","基本學區","錦田里","","school/115_junior_high_zones.pdf"
"115","國中","三重區","明志國中","基本學區","中山里","","school/115_junior_high_zones.pdf"
"115","國中","三重區","明志國中","基本學區","民生里","","school/115_junior_high_zones.pdf"
"115","國中","三重區","明志國中","基本學區","大園里","","school/115_junior_high_zones.pdf"
"115","國中","三重區","明志國中","基本學區","重新里","","school/115_junior_high_zones.pdf"
"115","國中","三重區","明志國中","基本學區","正德里","","school/115_junior_high_zones.pdf"
"115","國中","三重區","明志國中","基本學區","正義里","","school/115_junior_high_zones.pdf"
"115","國中","三重區","明志國中","基本學區","正安里","","school/115_junior_high_zones.pdf"
"115","國中","三重區","明志國中","基本學區","自強里","","school/115_junior_high_zones.pdf"
"115","國中","三重區","明志國中","基本學區","安慶里","","school/115_junior_high_zones.pdf"
"115","國中","三重區","明志國中","基本學區","福安里","","school/115_junior_high_zones.pdf"
"115","國中","三重區","明志國中","基本學區","國隆里","","school/115_junior_high_zones.pdf"
"115","國中","三重區","明志國中","基本學區","三民里","","school/115_junior_high_zones.pdf"
"115","國中","三重區","明志國中","基本學區","文化里","","school/115_junior_high_zones.pdf"
"115","國中","三重區","明志國中","基本學區","六福里","(19鄰)","school/115_junior_high_zones.pdf"
"115","國中","三重區","明志國中","基本學區","光田里","","school/115_junior_high_zones.pdf"
"115","國中","三重區","明志國中","基本學區","田中里","","school/115_junior_high_zones.pdf"
"115","國中","三重區","明志國中","自由學區","谷王里","","school/115_junior_high_zones.pdf"
"115","國中","三重區","明志國中","自由學區","田中里","","school/115_junior_high_zones.pdf"
"115","國中","三重區","明志國中","自由學區","光田里","","school/115_junior_high_zones.pdf"
"115","國中","三重區","明志國中","自由學區","田安里","","school/115_junior_high_zones.pdf"
"115","國中","三重區","明志國中","自由學區","六福里","","school/115_junior_high_zones.pdf"
"115","國中","三重區","明志國中","自由學區","立德里","","school/115_junior_high_zones.pdf"
"115","國中","三重區","明志國中","自由學區","重明里","","school/115_junior_high_zones.pdf"
"115","國中","三重區","明志國中","自由學區","光陽里","","school/115_junior_high_zones.pdf"
"115","國中","三重區","碧華國中","基本學區","碧華里","","school/115_junior_high_zones.pdf"
"115","國中","三重區","碧華國中","基本學區","富華里","","school/115_junior_high_zones.pdf"
"115","國中","三重區","碧華國中","基本學區","富福里","","school/115_junior_high_zones.pdf"
"115","國中","三重區","碧華國中","基本學區","富貴里","","school/115_junior_high_zones.pdf"
"115","國中","三重區","碧華國中","基本學區","五福里","","school/115_junior_high_zones.pdf"
"115","國中","三重區","碧華國中","基本學區","仁忠里","","school/115_junior_high_zones.pdf"
"115","國中","三重區","碧華國中","基本學區","五常里","","school/115_junior_high_zones.pdf"
"115","國中","三重區","碧華國中","基本學區","慈化里","","school/115_junior_high_zones.pdf"
"115","國中","三重區","碧華國中","基本學區","慈祐里","","school/115_junior_high_zones.pdf"
"115","國中","三重區","碧華國中","基本學區","五華里","","school/115_junior_high_zones.pdf"
"115","國中","三重區","碧華國中","基本學區","慈惠里","","school/115_junior_high_zones.pdf"
"115","國中","三重區","碧華國中","基本學區","慈愛里","","school/115_junior_high_zones.pdf"
"115","國中","三重區","碧華國中","基本學區","慈生里","","school/115_junior_high_zones.pdf"
"115","國中","三重區","碧華國中","基本學區","慈福里","","school/115_junior_high_zones.pdf"
"115","國中","三重區","碧華國中","基本學區","五順里","","school/115_junior_high_zones.pdf"
"115","國中","三重區","碧華國中","基本學區","仁華里","","school/115_junior_high_zones.pdf"
"115","國中","三重區","碧華國中","自由學區","福隆里","自由學區","school/115_junior_high_zones.pdf"
"115","國中","三重區","碧華國中","自由學區","福樂里","自由學區","school/115_junior_high_zones.pdf"
"115","國中","三重區","碧華國中","自由學區","溪美里","自由學區","school/115_junior_high_zones.pdf"
"115","國中","蘆洲區","蘆洲國中","基本學區","忠義里","","school/115_junior_high_zones.pdf"
"115","國中","蘆洲區","蘆洲國中","基本學區","長安里","","school/115_junior_high_zones.pdf"
"115","國中","蘆洲區","蘆洲國中","基本學區","永安里","","school/115_junior_high_zones.pdf"
"115","國中","蘆洲區","蘆洲國中","基本學區","延平里","","school/115_junior_high_zones.pdf"
"115","國中","蘆洲區","蘆洲國中","基本學區","九芎里","","school/115_junior_high_zones.pdf"
"115","國中","蘆洲區","蘆洲國中","基本學區","正義里","(8-9、18-25鄰)","school/115_junior_high_zones.pdf"
"115","國中","蘆洲區","蘆洲國中","基本學區","永德里","","school/115_junior_high_zones.pdf"
"115","國中","蘆洲區","蘆洲國中","基本學區","中原里","","school/115_junior_high_zones.pdf"
"115","國中","蘆洲區","蘆洲國中","基本學區","光明里","","school/115_junior_high_zones.pdf"
"115","國中","蘆洲區","蘆洲國中","基本學區","得勝里","","school/115_junior_high_zones.pdf"
"115","國中","蘆洲區","蘆洲國中","基本學區","光華里","","school/115_junior_high_zones.pdf"
"115","國中","蘆洲區","蘆洲國中","基本學區","中華里","","school/115_junior_high_zones.pdf"
"115","國中","蘆洲區","蘆洲國中","基本學區","中路里","","school/115_junior_high_zones.pdf"
"115","國中","蘆洲區","蘆洲國中","基本學區","得仁里","","school/115_junior_high_zones.pdf"
"115","國中","蘆洲區","蘆洲國中","基本學區","樹德里","","school/115_junior_high_zones.pdf"
"115","國中","蘆洲區","蘆洲國中","基本學區","民和里","","school/115_junior_high_zones.pdf"
"115","國中","蘆洲區","蘆洲國中","基本學區","保佑里","含除外條件，依原文整里估算","school/115_junior_high_zones.pdf"
"115","國中","蘆洲區","蘆洲國中","基本學區","溪墘里","含除外條件，依原文整里估算","school/115_junior_high_zones.pdf"
"115","國中","蘆洲區","蘆洲國中","基本學區","保新里","(除9-12鄰)；含除外條件，依原文整里估算","school/115_junior_high_zones.pdf"
"115","國中","蘆洲區","蘆洲國中","自由學區","保和里","(除第8鄰三民路96-106號)；含除外條件，依原文整里估算；自由學區","school/115_junior_high_zones.pdf"
"115","國中","蘆洲區","蘆洲國中","自由學區","仁復里","自由學區","school/115_junior_high_zones.pdf"
"115","國中","蘆洲區","蘆洲國中","自由學區","正義里","(2-3、7、15-17鄰)；自由學區","school/115_junior_high_zones.pdf"
"115","國中","蘆洲區","蘆洲國中","自由學區","永康里","自由學區","school/115_junior_high_zones.pdf"
"115","國中","蘆洲區","三民高中國中部","基本學區","樓厝里","","school/115_junior_high_zones.pdf"
"115","國中","蘆洲區","三民高中國中部","基本學區","玉清里","","school/115_junior_high_zones.pdf"
"115","國中","蘆洲區","三民高中國中部","基本學區","信義里","","school/115_junior_high_zones.pdf"
"115","國中","蘆洲區","三民高中國中部","基本學區","福安里","","school/115_junior_high_zones.pdf"
"115","國中","蘆洲區","三民高中國中部","基本學區","仁義里","","school/115_junior_high_zones.pdf"
"115","國中","蘆洲區","三民高中國中部","基本學區","鷺江里","","school/115_junior_high_zones.pdf"
"115","國中","蘆洲區","三民高中國中部","基本學區","仁愛里","","school/115_junior_high_zones.pdf"
"115","國中","蘆洲區","三民高中國中部","基本學區","復興里","","school/115_junior_high_zones.pdf"
"115","國中","蘆洲區","三民高中國中部","基本學區","仁德里","","school/115_junior_high_zones.pdf"
"115","國中","蘆洲區","三民高中國中部","基本學區","恆德里","","school/115_junior_high_zones.pdf"
"115","國中","蘆洲區","三民高中國中部","基本學區","保和里","(第8鄰三民路96-106號)","school/115_junior_high_zones.pdf"
"115","國中","蘆洲區","三民高中國中部","基本學區","水河里","","school/115_junior_high_zones.pdf"
"115","國中","蘆洲區","三民高中國中部","基本學區","水湳里","","school/115_junior_high_zones.pdf"
"115","國中","蘆洲區","三民高中國中部","基本學區","忠孝里","","school/115_junior_high_zones.pdf"
"115","國中","蘆洲區","三民高中國中部","自由學區","保和里","(除第8鄰三民路96-106號)；含除外條件，依原文整里估算；自由學區","school/115_junior_high_zones.pdf"
"115","國中","蘆洲區","三民高中國中部","自由學區","仁復里","自由學區","school/115_junior_high_zones.pdf"
"115","國中","蘆洲區","鷺江國中","基本學區","成功里","","school/115_junior_high_zones.pdf"
"115","國中","蘆洲區","鷺江國中","基本學區","南港里","","school/115_junior_high_zones.pdf"
"115","國中","蘆洲區","鷺江國中","基本學區","永樂里","","school/115_junior_high_zones.pdf"
"115","國中","蘆洲區","鷺江國中","基本學區","保新里","(9-12鄰)","school/115_junior_high_zones.pdf"
"115","國中","蘆洲區","鷺江國中","基本學區","正義里","(1、4-6、10-14鄰)","school/115_junior_high_zones.pdf"
"115","國中","蘆洲區","鷺江國中","自由學區","正義里","(2-3、7、15-17鄰)；自由學區","school/115_junior_high_zones.pdf"
"115","國中","蘆洲區","鷺江國中","自由學區","永康里","自由學區","school/115_junior_high_zones.pdf"
"115","國中","新莊區","新莊國中","基本學區","文明里","","school/115_junior_high_zones.pdf"
"115","國中","新莊區","新莊國中","基本學區","恆安里","","school/115_junior_high_zones.pdf"
"115","國中","新莊區","新莊國中","基本學區","立人里","","school/115_junior_high_zones.pdf"
"115","國中","新莊區","新莊國中","基本學區","榮和里","","school/115_junior_high_zones.pdf"
"115","國中","新莊區","新莊國中","基本學區","文德里","","school/115_junior_high_zones.pdf"
"115","國中","新莊區","新莊國中","基本學區","興漢里","","school/115_junior_high_zones.pdf"
"115","國中","新莊區","新莊國中","基本學區","全安里","","school/115_junior_high_zones.pdf"
"115","國中","新莊區","新莊國中","基本學區","海山里","","school/115_junior_high_zones.pdf"
"115","國中","新莊區","新莊國中","基本學區","豐年里","","school/115_junior_high_zones.pdf"
"115","國中","新莊區","新莊國中","基本學區","泰豐里","","school/115_junior_high_zones.pdf"
"115","國中","新莊區","新莊國中","基本學區","文衡里","","school/115_junior_high_zones.pdf"
"115","國中","新莊區","新莊國中","基本學區","文聖里","","school/115_junior_high_zones.pdf"
"115","國中","新莊區","新莊國中","基本學區","國泰里","","school/115_junior_high_zones.pdf"
"115","國中","新莊區","新莊國中","基本學區","中美里","","school/115_junior_high_zones.pdf"
"115","國中","新莊區","新莊國中","基本學區","立德里","(1-8鄰)","school/115_junior_high_zones.pdf"
"115","國中","新莊區","新莊國中","自由學區","思源里","(1-4、19、20鄰)；自由學區","school/115_junior_high_zones.pdf"
"115","國中","新莊區","新莊國中","自由學區","全泰里","自由學區","school/115_junior_high_zones.pdf"
"115","國中","新莊區","新莊國中","自由學區","思賢里","自由學區","school/115_junior_high_zones.pdf"
"115","國中","新莊區","新莊國中","自由學區","瓊林里","(1-12鄰)；自由學區","school/115_junior_high_zones.pdf"
"115","國中","新莊區","新泰國中","基本學區","中華里","","school/115_junior_high_zones.pdf"
"115","國中","新莊區","新泰國中","基本學區","中和里","","school/115_junior_high_zones.pdf"
"115","國中","新莊區","新泰國中","基本學區","中誠里","","school/115_junior_high_zones.pdf"
"115","國中","新莊區","新泰國中","基本學區","中宏里","","school/115_junior_high_zones.pdf"
"115","國中","新莊區","新泰國中","基本學區","中全里","","school/115_junior_high_zones.pdf"
"115","國中","新莊區","新泰國中","基本學區","中泰里","","school/115_junior_high_zones.pdf"
"115","國中","新莊區","新泰國中","基本學區","立志里","","school/115_junior_high_zones.pdf"
"115","國中","新莊區","新泰國中","基本學區","立基里","","school/115_junior_high_zones.pdf"
"115","國中","新莊區","新泰國中","基本學區","立言里","","school/115_junior_high_zones.pdf"
"115","國中","新莊區","新泰國中","基本學區","立泰里","","school/115_junior_high_zones.pdf"
"115","國中","新莊區","新泰國中","基本學區","立廷里","","school/115_junior_high_zones.pdf"
"115","國中","新莊區","新泰國中","基本學區","思賢里","(除2鄰)；含除外條件，依原文整里估算","school/115_junior_high_zones.pdf"
"115","國中","新莊區","新泰國中","基本學區","忠孝里","含除外條件，依原文整里估算","school/115_junior_high_zones.pdf"
"115","國中","新莊區","新泰國中","基本學區","立功里","含除外條件，依原文整里估算","school/115_junior_high_zones.pdf"
"115","國中","新莊區","新泰國中","基本學區","立德里","(除1-8鄰)；含除外條件，依原文整里估算","school/115_junior_high_zones.pdf"
"115","國中","新莊區","新泰國中","基本學區","自立里","","school/115_junior_high_zones.pdf"
"115","國中","新莊區","新泰國中","基本學區","自強里","","school/115_junior_high_zones.pdf"
"115","國中","新莊區","新泰國中","基本學區","營盤里","","school/115_junior_high_zones.pdf"
"115","國中","新莊區","新泰國中","自由學區","全泰里","自由學區","school/115_junior_high_zones.pdf"
"115","國中","新莊區","新泰國中","自由學區","思賢里","自由學區","school/115_junior_high_zones.pdf"
"115","國中","新莊區","新泰國中","自由學區","瓊林里","(1-12鄰)；自由學區","school/115_junior_high_zones.pdf"
"115","國中","新莊區","新泰國中","自由學區","營盤里","(7、8鄰)；自由學區","school/115_junior_high_zones.pdf"
"115","國中","新莊區","中平國中","基本學區","立廷里","含除外條件，依原文整里估算","school/115_junior_high_zones.pdf"
"115","國中","新莊區","中平國中","基本學區","中港里","","school/115_junior_high_zones.pdf"
"115","國中","新莊區","中平國中","基本學區","中原里","","school/115_junior_high_zones.pdf"
"115","國中","新莊區","中平國中","基本學區","中信里","","school/115_junior_high_zones.pdf"
"115","國中","新莊區","中平國中","基本學區","中平里","","school/115_junior_high_zones.pdf"
"115","國中","新莊區","中平國中","基本學區","中隆里","","school/115_junior_high_zones.pdf"
"115","國中","新莊區","頭前國中","基本學區","思源里","(5-18、21、22鄰)","school/115_junior_high_zones.pdf"
"115","國中","新莊區","頭前國中","基本學區","幸福里","","school/115_junior_high_zones.pdf"
"115","國中","新莊區","頭前國中","基本學區","昌平里","","school/115_junior_high_zones.pdf"
"115","國中","新莊區","頭前國中","基本學區","昌隆里","","school/115_junior_high_zones.pdf"
"115","國中","新莊區","頭前國中","基本學區","仁愛里","","school/115_junior_high_zones.pdf"
"115","國中","新莊區","頭前國中","基本學區","仁義里","","school/115_junior_high_zones.pdf"
"115","國中","新莊區","頭前國中","基本學區","信義里","","school/115_junior_high_zones.pdf"
"115","國中","新莊區","頭前國中","基本學區","和平里","","school/115_junior_high_zones.pdf"
"115","國中","新莊區","頭前國中","基本學區","昌明里","","school/115_junior_high_zones.pdf"
"115","國中","新莊區","頭前國中","基本學區","昌信里","","school/115_junior_high_zones.pdf"
"115","國中","新莊區","頭前國中","基本學區","自信里","","school/115_junior_high_zones.pdf"
"115","國中","新莊區","頭前國中","基本學區","福基里","","school/115_junior_high_zones.pdf"
"115","國中","新莊區","頭前國中","基本學區","福興里","","school/115_junior_high_zones.pdf"
"115","國中","新莊區","頭前國中","基本學區","頭前里","","school/115_junior_high_zones.pdf"
"115","國中","新莊區","頭前國中","基本學區","化成里","","school/115_junior_high_zones.pdf"
"115","國中","新莊區","頭前國中","自由學區","思源里","(1-4、19、20鄰)；自由學區","school/115_junior_high_zones.pdf"
"115","國中","新莊區","頭前國中","自由學區","頭前里","自由學區","school/115_junior_high_zones.pdf"
"115","國中","新莊區","福營國中","基本學區","富民里","","school/115_junior_high_zones.pdf"
"115","國中","新莊區","福營國中","基本學區","民全里","","school/115_junior_high_zones.pdf"
"115","國中","新莊區","福營國中","基本學區","後港里","","school/115_junior_high_zones.pdf"
"115","國中","新莊區","福營國中","基本學區","富國里","","school/115_junior_high_zones.pdf"
"115","國中","新莊區","福營國中","基本學區","西盛里","(1-5、19、22鄰)；含除外條件，依原文整里估算","school/115_junior_high_zones.pdf"
"115","國中","新莊區","福營國中","基本學區","萬安里","含除外條件，依原文整里估算","school/115_junior_high_zones.pdf"
"115","國中","新莊區","福營國中","基本學區","民安里","(除17、18、23-33鄰)；含除外條件，依原文整里估算","school/115_junior_high_zones.pdf"
"115","國中","新莊區","福營國中","基本學區","民本里","","school/115_junior_high_zones.pdf"
"115","國中","新莊區","福營國中","基本學區","四維里","","school/115_junior_high_zones.pdf"
"115","國中","新莊區","福營國中","基本學區","後德里","","school/115_junior_high_zones.pdf"
"115","國中","新莊區","福營國中","基本學區","建安里","","school/115_junior_high_zones.pdf"
"115","國中","新莊區","福營國中","基本學區","建福里","","school/115_junior_high_zones.pdf"
"115","國中","新莊區","福營國中","基本學區","福營里","","school/115_junior_high_zones.pdf"
"115","國中","新莊區","福營國中","基本學區","南港里","","school/115_junior_high_zones.pdf"
"115","國中","新莊區","福營國中","基本學區","成德里","","school/115_junior_high_zones.pdf"
"115","國中","新莊區","福營國中","基本學區","營盤里","","school/115_junior_high_zones.pdf"
"115","國中","新莊區","福營國中","基本學區","瓊林里","(14-20鄰)","school/115_junior_high_zones.pdf"
"115","國中","新莊區","福營國中","自由學區","瓊林里","(1-12鄰)；自由學區","school/115_junior_high_zones.pdf"
"115","國中","新莊區","福營國中","自由學區","裕民里","自由學區","school/115_junior_high_zones.pdf"
"115","國中","新莊區","福營國中","自由學區","合鳳里","自由學區","school/115_junior_high_zones.pdf"
"115","國中","新莊區","福營國中","自由學區","祥鳳里","自由學區","school/115_junior_high_zones.pdf"
"115","國中","新莊區","福營國中","自由學區","民安里","(28-29鄰)；自由學區","school/115_junior_high_zones.pdf"
"115","國中","泰山區","丹鳳高中國中部","自由學區","貴和里","(33-38鄰)；自由學區","school/115_junior_high_zones.pdf"
"115","國中","泰山區","泰山國中","基本學區","大科里","(1-6、9-12鄰)","school/115_junior_high_zones.pdf"
"115","國中","泰山區","泰山國中","基本學區","黎明里","","school/115_junior_high_zones.pdf"
"115","國中","泰山區","泰山國中","基本學區","山腳里","","school/115_junior_high_zones.pdf"
"115","國中","泰山區","泰山國中","基本學區","福泰里","","school/115_junior_high_zones.pdf"
"115","國中","泰山區","泰山國中","基本學區","楓樹里","","school/115_junior_high_zones.pdf"
"115","國中","泰山區","泰山國中","基本學區","福興里","(1-18鄰)","school/115_junior_high_zones.pdf"
"115","國中","泰山區","泰山國中","自由學區","同榮里","(1-16、30鄰)；自由學區","school/115_junior_high_zones.pdf"
"115","國中","泰山區","泰山國中","自由學區","同興里","(1-12鄰)；自由學區","school/115_junior_high_zones.pdf"
"115","國中","泰山區","泰山國中","自由學區","全興里","(1-7鄰)；自由學區","school/115_junior_high_zones.pdf"
"115","國中","泰山區","泰山國中","自由學區","福興里","(19-25鄰)；自由學區","school/115_junior_high_zones.pdf"
"115","國中","泰山區","泰山國中","自由學區","大科里","(7、8鄰)；自由學區","school/115_junior_high_zones.pdf"
"115","國中","泰山區","義學國中","基本學區","義學里","","school/115_junior_high_zones.pdf"
"115","國中","泰山區","義學國中","基本學區","義仁里","(1-29鄰)","school/115_junior_high_zones.pdf"
"115","國中","泰山區","義學國中","基本學區","明志里","","school/115_junior_high_zones.pdf"
"115","國中","泰山區","義學國中","基本學區","新明里","","school/115_junior_high_zones.pdf"
"115","國中","泰山區","義學國中","基本學區","貴子里","","school/115_junior_high_zones.pdf"
"115","國中","泰山區","義學國中","基本學區","貴賢里","(1-8、15-27鄰)","school/115_junior_high_zones.pdf"
"115","國中","泰山區","義學國中","基本學區","貴和里","(1-32、39-42鄰)","school/115_junior_high_zones.pdf"
"115","國中","泰山區","義學國中","基本學區","泰友里","","school/115_junior_high_zones.pdf"
"115","國中","泰山區","義學國中","基本學區","全興里","(8-25鄰)","school/115_junior_high_zones.pdf"
"115","國中","泰山區","義學國中","基本學區","大科里","(13-16鄰)","school/115_junior_high_zones.pdf"
"115","國中","泰山區","義學國中","基本學區","同榮里","(17-29鄰)","school/115_junior_high_zones.pdf"
"115","國中","泰山區","義學國中","基本學區","同興里","(13-24鄰)","school/115_junior_high_zones.pdf"
"115","國中","泰山區","義學國中","自由學區","同榮里","(1-16、30鄰)；自由學區","school/115_junior_high_zones.pdf"
"115","國中","泰山區","義學國中","自由學區","同興里","(1-12鄰)；自由學區","school/115_junior_high_zones.pdf"
"115","國中","泰山區","義學國中","自由學區","全興里","(1-7鄰)；自由學區","school/115_junior_high_zones.pdf"
"115","國中","泰山區","義學國中","自由學區","福興里","(19-25鄰)；自由學區","school/115_junior_high_zones.pdf"
"115","國中","泰山區","義學國中","自由學區","義仁里","(30-39鄰)；自由學區","school/115_junior_high_zones.pdf"
"115","國中","泰山區","義學國中","自由學區","貴賢里","(9-14鄰)；自由學區","school/115_junior_high_zones.pdf"
"115","國中","泰山區","義學國中","自由學區","貴和里","(33-38鄰)；自由學區","school/115_junior_high_zones.pdf"
"115","國中","五股區","五股國中","自由學區","觀音里","自由學區","school/115_junior_high_zones.pdf"
"115","國中","五股區","五股國中","自由學區","集賢里","自由學區","school/115_junior_high_zones.pdf"
"115","國中","五股區","五股國中","自由學區","集福里","自由學區","school/115_junior_high_zones.pdf"
"115","國中","五股區","五股國中","自由學區","成德里","自由學區","school/115_junior_high_zones.pdf"
"115","國中","五股區","五股國中","自由學區","成州里","自由學區","school/115_junior_high_zones.pdf"
"115","國中","五股區","五股國中","自由學區","更寮里","自由學區","school/115_junior_high_zones.pdf"
"115","國中","五股區","五股國中","自由學區","興珍里","(1-32鄰、38-40鄰)；自由學區","school/115_junior_high_zones.pdf"
"115","國中","林口區","林口國中","基本學區","西林里","(15-17、21-25、27、33、36-37鄰)","school/115_junior_high_zones.pdf"
"115","國中","林口區","林口國中","基本學區","仁愛里","(13-28鄰)","school/115_junior_high_zones.pdf"
"115","國中","林口區","林口國中","基本學區","湖南里","(10-23、31-33、43-48鄰)","school/115_junior_high_zones.pdf"
"115","國中","林口區","林口國中","基本學區","南勢里","(30-31鄰)","school/115_junior_high_zones.pdf"
"115","國中","林口區","林口國中","基本學區","東勢里","(40-42鄰)","school/115_junior_high_zones.pdf"
"115","國中","林口區","林口國中","自由學區","太平里","(6-15鄰)；自由學區","school/115_junior_high_zones.pdf"
"115","國中","林口區","林口國中","自由學區","湖南里","(30鄰)；自由學區","school/115_junior_high_zones.pdf"
"115","國中","林口區","林口國中","自由學區","西林里","(34-35鄰)；自由學區","school/115_junior_high_zones.pdf"
"115","國中","林口區","林口國中","自由學區","下福里","自由學區","school/115_junior_high_zones.pdf"
"115","國中","林口區","林口國中","自由學區","嘉寶里","自由學區","school/115_junior_high_zones.pdf"
"115","國中","林口區","林口國中","自由學區","頂福里","自由學區","school/115_junior_high_zones.pdf"
"115","國中","林口區","崇林國中","基本學區","麗林里","","school/115_junior_high_zones.pdf"
"115","國中","林口區","崇林國中","基本學區","麗園里","","school/115_junior_high_zones.pdf"
"115","國中","林口區","崇林國中","基本學區","東勢里","(1-39鄰)","school/115_junior_high_zones.pdf"
"115","國中","林口區","崇林國中","基本學區","南勢里","(22-29鄰)","school/115_junior_high_zones.pdf"
"115","國中","林口區","崇林國中","基本學區","仁愛里","(1-12、29-30鄰)","school/115_junior_high_zones.pdf"
"115","國中","林口區","崇林國中","自由學區","下福里","自由學區","school/115_junior_high_zones.pdf"
"115","國中","林口區","崇林國中","自由學區","嘉寶里","自由學區","school/115_junior_high_zones.pdf"
"115","國中","林口區","崇林國中","自由學區","頂福里","自由學區","school/115_junior_high_zones.pdf"
"115","國中","林口區","佳林國中","基本學區","東林里","","school/115_junior_high_zones.pdf"
"115","國中","林口區","佳林國中","基本學區","菁湖里","","school/115_junior_high_zones.pdf"
"115","國中","林口區","佳林國中","基本學區","中湖里","","school/115_junior_high_zones.pdf"
"115","國中","林口區","佳林國中","基本學區","湖北里","","school/115_junior_high_zones.pdf"
"115","國中","林口區","佳林國中","基本學區","林口里","","school/115_junior_high_zones.pdf"
"115","國中","林口區","佳林國中","基本學區","湖南里","(1-9、24-29、34-42鄰)","school/115_junior_high_zones.pdf"
"115","國中","林口區","佳林國中","基本學區","瑞平里","(1-4鄰)","school/115_junior_high_zones.pdf"
"115","國中","林口區","佳林國中","基本學區","太平里","(1-5鄰)","school/115_junior_high_zones.pdf"
"115","國中","林口區","佳林國中","基本學區","西林里","(1-14、18-20、26、28-32鄰)","school/115_junior_high_zones.pdf"
"115","國中","林口區","佳林國中","自由學區","瑞平里","(5-10鄰)；自由學區","school/115_junior_high_zones.pdf"
"115","國中","林口區","佳林國中","自由學區","太平里","(6-15鄰)；自由學區","school/115_junior_high_zones.pdf"
"115","國中","林口區","佳林國中","自由學區","湖南里","(30鄰)；自由學區","school/115_junior_high_zones.pdf"
"115","國中","林口區","佳林國中","自由學區","西林里","(34-35鄰)；自由學區","school/115_junior_high_zones.pdf"
"115","國中","林口區","佳林國中","自由學區","下福里","自由學區","school/115_junior_high_zones.pdf"
"115","國中","林口區","佳林國中","自由學區","嘉寶里","自由學區","school/115_junior_high_zones.pdf"
"115","國中","林口區","佳林國中","自由學區","頂福里","自由學區","school/115_junior_high_zones.pdf"
"115","國中","林口區","南勢國中","基本學區","南勢里","(1-21、32-40鄰)","school/115_junior_high_zones.pdf"
"115","國中","林口區","南勢國中","自由學區","下福里","自由學區","school/115_junior_high_zones.pdf"
"115","國中","林口區","南勢國中","自由學區","嘉寶里","自由學區","school/115_junior_high_zones.pdf"
"115","國中","林口區","南勢國中","自由學區","頂福里","自由學區","school/115_junior_high_zones.pdf"
"115","國中","板橋區","光復高中國中部","基本學區","港嘴里","","school/115_junior_high_zones.pdf"
"115","國中","板橋區","光復高中國中部","基本學區","振義里","","school/115_junior_high_zones.pdf"
"115","國中","板橋區","光復高中國中部","基本學區","振興里","","school/115_junior_high_zones.pdf"
"115","國中","板橋區","光復高中國中部","基本學區","光復里","","school/115_junior_high_zones.pdf"
"115","國中","板橋區","光復高中國中部","基本學區","埔墘里","","school/115_junior_high_zones.pdf"
"115","國中","板橋區","光復高中國中部","基本學區","富貴里","","school/115_junior_high_zones.pdf"
"115","國中","板橋區","光復高中國中部","基本學區","長壽里","","school/115_junior_high_zones.pdf"
"115","國中","板橋區","光復高中國中部","基本學區","居仁里","","school/115_junior_high_zones.pdf"
"115","國中","板橋區","光復高中國中部","基本學區","福壽里","","school/115_junior_high_zones.pdf"
"115","國中","板橋區","光復高中國中部","自由學區","九如里","自由學區","school/115_junior_high_zones.pdf"
"115","國中","板橋區","光復高中國中部","自由學區","正泰里","自由學區","school/115_junior_high_zones.pdf"
"115","國中","板橋區","光復高中國中部","自由學區","龍翠里","自由學區","school/115_junior_high_zones.pdf"
"115","國中","板橋區","光復高中國中部","自由學區","福翠里","自由學區","school/115_junior_high_zones.pdf"
"115","國中","板橋區","光復高中國中部","自由學區","雙玉里","自由學區","school/115_junior_high_zones.pdf"
"115","國中","板橋區","江翠國中","基本學區","嵐翠里","","school/115_junior_high_zones.pdf"
"115","國中","板橋區","江翠國中","基本學區","文聖里","","school/115_junior_high_zones.pdf"
"115","國中","板橋區","江翠國中","基本學區","華翠里","","school/115_junior_high_zones.pdf"
"115","國中","板橋區","江翠國中","基本學區","莒光里","","school/115_junior_high_zones.pdf"
"115","國中","板橋區","江翠國中","基本學區","松翠里","","school/115_junior_high_zones.pdf"
"115","國中","板橋區","江翠國中","基本學區","聯翠里","","school/115_junior_high_zones.pdf"
"115","國中","板橋區","江翠國中","基本學區","文化里","","school/115_junior_high_zones.pdf"
"115","國中","板橋區","江翠國中","基本學區","江翠里","","school/115_junior_high_zones.pdf"
"115","國中","板橋區","江翠國中","基本學區","純翠里","","school/115_junior_high_zones.pdf"
"115","國中","板橋區","江翠國中","基本學區","溪頭里","","school/115_junior_high_zones.pdf"
"115","國中","板橋區","江翠國中","基本學區","柏翠里","","school/115_junior_high_zones.pdf"
"115","國中","板橋區","江翠國中","基本學區","青翠里","","school/115_junior_high_zones.pdf"
"115","國中","板橋區","江翠國中","基本學區","懷翠里","","school/115_junior_high_zones.pdf"
"115","國中","板橋區","江翠國中","基本學區","忠翠里","","school/115_junior_high_zones.pdf"
"115","國中","板橋區","江翠國中","基本學區","松柏里","","school/115_junior_high_zones.pdf"
"115","國中","板橋區","江翠國中","基本學區","文翠里","","school/115_junior_high_zones.pdf"
"115","國中","板橋區","江翠國中","自由學區","龍翠里","自由學區","school/115_junior_high_zones.pdf"
"115","國中","板橋區","江翠國中","自由學區","福翠里","自由學區","school/115_junior_high_zones.pdf"
"115","國中","板橋區","江翠國中","自由學區","華江里","自由學區","school/115_junior_high_zones.pdf"
"115","國中","板橋區","江翠國中","自由學區","莊敬里","自由學區","school/115_junior_high_zones.pdf"
"115","國中","板橋區","江翠國中","自由學區","埤墘里","自由學區","school/115_junior_high_zones.pdf"
"115","國中","板橋區","江翠國中","自由學區","永安里","自由學區","school/115_junior_high_zones.pdf"
"115","國中","淡水區","正德國中","基本學區","崁頂里","(4-17鄰)","school/115_junior_high_zones.pdf"
"115","國中","淡水區","正德國中","基本學區","埤島里","","school/115_junior_high_zones.pdf"
"115","國中","淡水區","正德國中","基本學區","忠寮里","","school/115_junior_high_zones.pdf"
"115","國中","淡水區","正德國中","基本學區","北投里","","school/115_junior_high_zones.pdf"
"115","國中","淡水區","正德國中","基本學區","水源里","","school/115_junior_high_zones.pdf"
"115","國中","淡水區","正德國中","基本學區","水碓里","","school/115_junior_high_zones.pdf"
"115","國中","淡水區","正德國中","基本學區","正德里","","school/115_junior_high_zones.pdf"
"115","國中","淡水區","正德國中","基本學區","北新里","","school/115_junior_high_zones.pdf"
"115","國中","淡水區","正德國中","基本學區","忠山里","","school/115_junior_high_zones.pdf"
"115","國中","淡水區","正德國中","基本學區","中和里","","school/115_junior_high_zones.pdf"
"115","國中","淡水區","正德國中","基本學區","義山里","","school/115_junior_high_zones.pdf"
"115","國中","淡水區","正德國中","基本學區","蕃薯里","","school/115_junior_high_zones.pdf"
"115","國中","淡水區","正德國中","基本學區","賢孝里","","school/115_junior_high_zones.pdf"
"115","國中","淡水區","正德國中","基本學區","屯山里","","school/115_junior_high_zones.pdf"
"115","國中","淡水區","正德國中","基本學區","興仁里","","school/115_junior_high_zones.pdf"
"115","國中","淡水區","正德國中","基本學區","新義里","(9-14鄰)","school/115_junior_high_zones.pdf"
"115","國中","淡水區","正德國中","基本學區","新興里","(1-3鄰、5鄰新興街84-90號15樓雙號除外、8鄰)；含除外條件，依原文整里估算","school/115_junior_high_zones.pdf"
"115","國中","淡水區","正德國中","基本學區","新春里","(6-10、14-15鄰)","school/115_junior_high_zones.pdf"
"115","國中","淡水區","正德國中","基本學區","學府里","(16-18鄰)","school/115_junior_high_zones.pdf"
"115","國中","淡水區","正德國中","基本學區","中興里","(6-7鄰)","school/115_junior_high_zones.pdf"
"115","國中","淡水區","正德國中(賢孝校區)","基本學區","崁頂里","(4-17鄰)","school/115_junior_high_zones.pdf"
"115","國中","淡水區","正德國中(賢孝校區)","基本學區","埤島里","","school/115_junior_high_zones.pdf"
"115","國中","淡水區","正德國中(賢孝校區)","基本學區","忠寮里","","school/115_junior_high_zones.pdf"
"115","國中","淡水區","正德國中(賢孝校區)","基本學區","北投里","","school/115_junior_high_zones.pdf"
"115","國中","淡水區","正德國中(賢孝校區)","基本學區","水源里","","school/115_junior_high_zones.pdf"
"115","國中","淡水區","正德國中(賢孝校區)","基本學區","水碓里","","school/115_junior_high_zones.pdf"
"115","國中","淡水區","正德國中(賢孝校區)","基本學區","正德里","","school/115_junior_high_zones.pdf"
"115","國中","淡水區","正德國中(賢孝校區)","基本學區","北新里","","school/115_junior_high_zones.pdf"
"115","國中","淡水區","正德國中(賢孝校區)","基本學區","忠山里","","school/115_junior_high_zones.pdf"
"115","國中","淡水區","正德國中(賢孝校區)","基本學區","中和里","","school/115_junior_high_zones.pdf"
"115","國中","淡水區","正德國中(賢孝校區)","基本學區","義山里","","school/115_junior_high_zones.pdf"
"115","國中","淡水區","正德國中(賢孝校區)","基本學區","蕃薯里","","school/115_junior_high_zones.pdf"
"115","國中","淡水區","正德國中(賢孝校區)","基本學區","賢孝里","","school/115_junior_high_zones.pdf"
"115","國中","淡水區","正德國中(賢孝校區)","基本學區","屯山里","","school/115_junior_high_zones.pdf"
"115","國中","淡水區","正德國中(賢孝校區)","基本學區","興仁里","","school/115_junior_high_zones.pdf"
"115","國中","淡水區","正德國中(賢孝校區)","基本學區","新義里","(9-14鄰)","school/115_junior_high_zones.pdf"
"115","國中","淡水區","正德國中(賢孝校區)","基本學區","新興里","(1-3鄰、5鄰新興街84-90號15樓雙號除外、8鄰)；含除外條件，依原文整里估算","school/115_junior_high_zones.pdf"
"115","國中","淡水區","正德國中(賢孝校區)","基本學區","新春里","(6-10、14-15鄰)","school/115_junior_high_zones.pdf"
"115","國中","淡水區","正德國中(賢孝校區)","基本學區","學府里","(16-18鄰)","school/115_junior_high_zones.pdf"
"115","國中","淡水區","正德國中(賢孝校區)","基本學區","中興里","(6-7鄰)","school/115_junior_high_zones.pdf"
"115","國中","淡水區","淡水國中","基本學區","崁頂里","(1-3鄰)","school/115_junior_high_zones.pdf"
"115","國中","淡水區","淡水國中","基本學區","樹興里","","school/115_junior_high_zones.pdf"
"115","國中","淡水區","淡水國中","基本學區","油車里","","school/115_junior_high_zones.pdf"
"115","國中","淡水區","淡水國中","基本學區","沙崙里","","school/115_junior_high_zones.pdf"
"115","國中","淡水區","淡水國中","基本學區","大庄里","","school/115_junior_high_zones.pdf"
"115","國中","淡水區","淡水國中","基本學區","永吉里","","school/115_junior_high_zones.pdf"
"115","國中","淡水區","淡水國中","基本學區","協元里","","school/115_junior_high_zones.pdf"
"115","國中","淡水區","淡水國中","基本學區","新生里","","school/115_junior_high_zones.pdf"
"115","國中","淡水區","淡水國中","基本學區","民安里","","school/115_junior_high_zones.pdf"
"115","國中","淡水區","淡水國中","基本學區","文化里","","school/115_junior_high_zones.pdf"
"115","國中","淡水區","淡水國中","基本學區","新民里","","school/115_junior_high_zones.pdf"
"115","國中","淡水區","淡水國中","基本學區","長庚里","","school/115_junior_high_zones.pdf"
"115","國中","淡水區","淡水國中","基本學區","清文里","含除外條件，依原文整里估算","school/115_junior_high_zones.pdf"
"115","國中","淡水區","淡水國中","基本學區","草東里","含除外條件，依原文整里估算","school/115_junior_high_zones.pdf"
"115","國中","淡水區","淡水國中","基本學區","學府里","(除16-18鄰)；含除外條件，依原文整里估算","school/115_junior_high_zones.pdf"
"115","國中","淡水區","淡水國中","基本學區","新義里","(1-8鄰)","school/115_junior_high_zones.pdf"
"115","國中","淡水區","淡水國中","基本學區","新興里","(4鄰、5鄰新興街84-90號15樓雙號、6-7、9鄰)","school/115_junior_high_zones.pdf"
"115","國中","淡水區","淡水國中","基本學區","新春里","(1-5、11-13鄰)；含除外條件，依原文整里估算","school/115_junior_high_zones.pdf"
"115","國中","淡水區","淡水國中","基本學區","中興里","(除6-7鄰)；含除外條件，依原文整里估算","school/115_junior_high_zones.pdf"
"115","國中","淡水區","淡水國中","自由學區","竿蓁里","自由學區","school/115_junior_high_zones.pdf"
"115","國中","淡水區","淡水國中","自由學區","鄧公里","自由學區","school/115_junior_high_zones.pdf"
"115","國中","淡水區","淡水國中","自由學區","幸福里","自由學區","school/115_junior_high_zones.pdf"
"115","國中","淡水區","淡水國中","自由學區","坪頂里","自由學區","school/115_junior_high_zones.pdf"
"115","國中","林口區","林口國中","基本學區","西林里","(15-17、21-25、27、33、36-37鄰)","school/115_junior_high_zones.pdf"
"115","國中","林口區","林口國中","基本學區","仁愛里","(13-28鄰)","school/115_junior_high_zones.pdf"
"115","國中","林口區","林口國中","基本學區","東勢里","(40-42鄰)","school/115_junior_high_zones.pdf"
"115","國中","林口區","林口國中","自由學區","太平里","(6-15鄰)；自由學區","school/115_junior_high_zones.pdf"
"115","國中","林口區","林口國中","自由學區","西林里","(34-35鄰)；自由學區","school/115_junior_high_zones.pdf"
"115","國中","林口區","林口國中","自由學區","下福里","自由學區","school/115_junior_high_zones.pdf"
"115","國中","林口區","林口國中","自由學區","嘉寶里","自由學區","school/115_junior_high_zones.pdf"
"115","國中","林口區","林口國中","自由學區","頂福里","自由學區","school/115_junior_high_zones.pdf"
"115","國中","林口區","崇林國中","基本學區","麗林里","","school/115_junior_high_zones.pdf"
"115","國中","林口區","崇林國中","基本學區","麗園里","","school/115_junior_high_zones.pdf"
"115","國中","林口區","崇林國中","基本學區","東勢里","(1-39鄰)","school/115_junior_high_zones.pdf"
"115","國中","林口區","崇林國中","基本學區","仁愛里","(1-12、29-30鄰)","school/115_junior_high_zones.pdf"
"115","國中","林口區","崇林國中","自由學區","下福里","自由學區","school/115_junior_high_zones.pdf"
"115","國中","林口區","崇林國中","自由學區","嘉寶里","自由學區","school/115_junior_high_zones.pdf"
"115","國中","林口區","崇林國中","自由學區","頂福里","自由學區","school/115_junior_high_zones.pdf"
"115","國中","林口區","佳林國中","基本學區","東林里","","school/115_junior_high_zones.pdf"
"115","國中","林口區","佳林國中","基本學區","菁湖里","","school/115_junior_high_zones.pdf"
"115","國中","林口區","佳林國中","基本學區","中湖里","","school/115_junior_high_zones.pdf"
"115","國中","林口區","佳林國中","基本學區","湖北里","","school/115_junior_high_zones.pdf"
"115","國中","林口區","佳林國中","基本學區","林口里","","school/115_junior_high_zones.pdf"
"115","國中","林口區","佳林國中","基本學區","湖南里","","school/115_junior_high_zones.pdf"
"115","國中","林口區","佳林國中","基本學區","瑞平里","(1-4鄰)","school/115_junior_high_zones.pdf"
"115","國中","林口區","佳林國中","基本學區","太平里","(1-5鄰)","school/115_junior_high_zones.pdf"
"115","國中","林口區","佳林國中","基本學區","西林里","(1-14、18-20、26、28-32鄰)","school/115_junior_high_zones.pdf"
"115","國中","林口區","佳林國中","自由學區","瑞平里","(5-10鄰)；自由學區","school/115_junior_high_zones.pdf"
"115","國中","林口區","佳林國中","自由學區","太平里","(6-15鄰)；自由學區","school/115_junior_high_zones.pdf"
"115","國中","林口區","佳林國中","自由學區","西林里","(34-35鄰)；自由學區","school/115_junior_high_zones.pdf"
"115","國中","林口區","佳林國中","自由學區","下福里","自由學區","school/115_junior_high_zones.pdf"
"115","國中","林口區","佳林國中","自由學區","嘉寶里","自由學區","school/115_junior_high_zones.pdf"
"115","國中","林口區","佳林國中","自由學區","頂福里","自由學區","school/115_junior_high_zones.pdf"
"115","國中","林口區","南勢國中","基本學區","南勢里","","school/115_junior_high_zones.pdf"
"115","國中","林口區","南勢國中","自由學區","下福里","自由學區","school/115_junior_high_zones.pdf"
"115","國中","林口區","南勢國中","自由學區","嘉寶里","自由學區","school/115_junior_high_zones.pdf"
"115","國中","林口區","南勢國中","自由學區","頂福里","自由學區","school/115_junior_high_zones.pdf"
